,team_name_h,opponent_team_name_h,match_date_h,competition_h,goals_h,possession_h,shots_h,shots_on_target_h,num_of_possessions_h,shots_on_post_h,shots_blocked_h,shots_wide_h,possessions_end_in_opp_half_h,perc_total_possessions_end_in_opp_half_h,shots_inside_box_h,shots_on_target_inside_box_h,shots_on_target_inside_box_perc_h,posssessions_end_in_opp_box_h,perc_total_possessions_end_in_opp_box_h,shots_outside_box_h,shots_on_target_outside_box_h,shots_on_target_outside_box_perc_h,average_possession_time_h,corners_h,free_kicks_h,offsides_h,total_open_play_possessions_h,fouls_committed_h,fouls_drawn_h,num_short_possessions_h,yellows_h,reds_h,num_medium_possessions_h,num_long_possessions_h,num_very_long_possessions_h,total_attacks_h,total_attacks_with_shots_h,total_attacks_to_shot_rate_h,num_positional_attacks_h,positional_attacks_with_shots_h,positional_attacks_to_shot_rate_h,counters_h,total_passes_attempted_h,total_accurate_passes_h,total_passing_accuracy_h,total_free_kicks_h,free_kicks_with_shots_h,free_kick_shot_perc_h,forward_passes_attempted_h,forward_accurate_passes_h,forward_passing_accuracy_h,total_corners_h,corners_with_shots_h,corner_shot_perc_h,back_passes_attempted_h,back_accurate_passes_h,back_passing_accuracy_h,lateral_passes_attempted_h,lateral_accurate_passes_h,lateral_passing_accuracy_h,progressive_passes_attempted_h,progressive_accurate_passes_h,progressive_passing_accuracy_h,slide_tackles_h,long_passes_attempted_h,long_accurate_passes_h,long_passing_accuracy_h,interceptions_h,fin_third_passes_attempted_h,fin_third_accurate_passes_h,fin_third_passing_accuracy_h,clearances_h,average_pass_to_final_third_length_h,ppda_h,passes_to_box_attempted_h,accurate_passes_to_box_h,passes_to_box_accuracy_h,shot_assists_h,total_recoveries_h,recoveries_own_third_h,recoveries_mid_third_h,recoveries_opp_third_h,recoveries_in_opp_half_h,total_crosses_h,accurate_crosses_h,crossing_accuracy_h,total_losses_h,losses_own_third_h,losses_mid_third_h,losses_opp_third_h,low_crosses_h,high_crosses_h,blocked_crosses_h,deep_completions_h,total_duels_h,total_duels_won_h,total_duel_win_rate_h,average_pass_length_h,offensive_duels_h,offensive_duels_won_h,offensive_duels_win_rate_h,defensive_duels_h,defensive_duels_won_h,defensive_duels_win_rate_h,loose_ball_duels_h,loose_balls_won_h,loose_ball_win_rate_h,aerial_duels_h,aerial_duels_won_h,aerial_duel_win_rate_h,dribbles_attempted_h,successful_dribbles_h,dribbling_success_rate_h,challenge_intensity_h,xG_h,possession_time_h,average_shot_dist_h,match_tempo_h,c_h,h_h,a_h,l_h
0,UCLA Bruins,Westmont Warriors,25-09-2024,NCAA D1 Non-conference matches Regular season,5,60,24,7,113,1,8,8,74,65,15,6,40,21,19,9,1,11,00:17,13,2,4,81,10,16,37,0,0,20,16,8,55,22,40,38,15,39,0,503,430,85,2,2,100,160,119,74,13,3,23,73,70,96,217,199,92,79,64,81,3,32,21,66,34,67,51,76,13,27.6,7.7,19,10,53,13,92,32,45,15,38,17,2,12,120,21,40,59,12,3,2,11,211,115,55,19.7,94,45,48,65,45,69,26,10,38,26,15,58,26,16,62.0,6.1,2.61,32:13,18.2,15.7,,,,
1,Butler Bulldogs,Indiana Hoosiers,05-09-2024,NCAA D1 Non-conference matches Regular season,1,45,15,7,116,0,5,3,57,49,9,3,33,16,14,6,4,67,00:12,6,3,3,92,18,11,44,2,0,26,21,1,47,13,28,35,7,20,0,369,296,80,3,2,67,153,115,75,6,3,50,52,49,94,136,114,84,87,62,71,2,58,35,60,69,59,42,71,19,33.9,8.1,15,3,20,9,104,59,38,7,29,12,1,8,116,25,42,49,3,9,0,9,284,129,45,22.2,102,26,25,88,59,67,33,14,42,61,30,49,39,15,38.0,6.6,1.02,24:27,18.1,15.4,,,,
2,Washington Huskies,Northwestern Wildcats,21-09-2024,NCAA D1 Big Ten Round 3,2,53,11,6,146,0,0,5,74,51,6,4,67,11,8,5,2,40,00:11,5,4,4,126,12,8,78,1,0,28,18,2,53,11,21,40,6,15,0,396,294,74,4,1,25,161,100,62,5,1,20,44,39,89,145,118,81,84,54,64,2,75,32,43,36,66,30,45,8,34.4,6.5,26,13,50,5,89,38,31,20,31,16,5,31,135,30,45,60,4,9,3,10,280,126,45,22.2,94,24,26,89,69,78,40,15,38,57,18,32,18,8,44.0,7.3,1.52,26:49,17.7,15.2,,,,
3,Rutgers Scarlet Knights,Seton Hall Pirates,10-09-2024,NCAA D1 Non-conference matches Regular season,1,59,7,3,107,0,0,4,61,57,4,1,25,9,8,3,2,67,00:19,5,6,0,80,6,10,39,0,1,19,12,10,42,6,14,30,5,17,0,535,444,83,6,1,17,176,113,64,5,1,20,68,66,97,234,219,94,75,53,71,3,59,26,44,46,66,35,53,8,30.4,11.0,16,5,31,5,89,40,40,9,31,12,5,42,122,15,42,65,2,7,3,1,225,91,40,20.2,89,30,34,51,26,51,23,7,30,62,28,45,36,16,44.0,5.1,0.91,34:30,15.9,15.7,,,,
4,Rutgers Scarlet Knights,Princeton Tigers,31-08-2024,NCAA D1 Non-conference matches Regular season,3,43,8,5,110,0,0,3,43,39,4,3,75,7,6,4,2,50,00:11,0,4,3,76,12,20,57,1,1,8,9,2,28,6,21,15,3,20,0,303,214,71,4,2,50,122,63,52,0,7,1,50,45,90,111,96,86,68,33,49,1,46,11,24,48,46,17,37,21,40.0,12.3,13,5,38,4,81,48,21,12,21,13,5,38,125,28,52,45,5,5,3,2,214,97,45,25.2,60,25,42,77,45,58,18,9,50,59,18,31,11,6,55.0,5.5,1.99,20:11,18.8,15.2,,,,
5,Michigan Wolverines,Penn State Nittany Lion,14-09-2024,NCAA D1 Big Ten Round 1,2,44,14,6,121,1,2,5,52,43,8,4,50,14,12,6,2,33,00:12,1,2,1,89,18,12,56,4,0,19,11,3,38,12,32,24,8,33,2,370,300,81,2,1,50,124,85,69,1,0,0,50,48,96,130,113,87,71,47,66,3,47,26,55,46,35,26,74,21,29.0,14.8,18,9,50,7,85,38,38,9,17,13,5,38,133,26,67,40,3,9,1,5,246,116,47,19.6,86,37,43,89,50,56,33,11,33,38,18,47,27,17,63.0,5.5,1.86,25:02,19.4,14.8,,,,
6,Michigan Wolverines,Oakland Golden Grizzlies,25-08-2024,NCAA D1 Non-conference matches Regular season,2,57,7,4,117,0,0,3,66,56,5,3,60,11,9,2,1,50,00:14,5,3,4,90,12,12,46,1,0,23,17,4,44,7,16,36,5,14,1,421,351,83,3,0,0,135,91,67,5,1,20,89,87,98,141,127,90,68,50,74,2,40,17,43,31,58,32,55,21,30.8,11.0,11,4,36,4,77,29,38,10,28,13,4,31,98,13,32,53,1,9,3,3,249,120,48,20.3,104,35,34,74,51,69,39,13,33,32,21,66,44,15,34.0,7.0,1.16,28:36,14.4,15.0,,,,
7,Washington Huskies,Oregon State Beavers,27-08-2024,NCAA D1 Non-conference matches Regular season,1,50,8,1,119,1,4,2,51,43,5,1,20,11,9,3,0,0,00:13,2,2,0,96,15,11,60,2,0,17,14,5,34,7,21,29,6,21,1,411,326,79,2,1,50,166,114,69,2,1,50,55,50,91,133,118,89,76,53,70,9,58,25,43,50,57,33,58,23,31.7,6.8,24,11,46,6,95,40,40,15,35,14,6,43,124,22,44,58,3,9,2,2,235,117,50,19.7,67,24,36,85,57,67,40,19,48,43,17,40,27,12,44.0,7.1,0.53,25:48,19.0,16.4,,,,
8,Indiana Hoosiers,Evansville Purple Aces,18-09-2024,NCAA D1 Non-conference matches Regular season,1,64,19,5,115,0,6,8,71,62,11,3,27,23,20,8,2,25,00:16,9,3,2,75,8,23,38,1,0,20,14,3,51,19,37,32,15,47,0,449,365,81,3,0,0,162,121,75,9,0,0,55,51,93,171,146,85,82,64,78,0,54,33,61,27,69,46,67,7,29.4,8.7,28,15,54,11,97,35,34,28,41,19,3,16,106,13,40,53,6,10,3,13,217,109,50,21.0,95,44,46,43,28,65,21,8,38,58,29,50,39,21,54.0,5.4,1.28,31:04,18.9,14.5,,,,
9,Indiana Hoosiers,Washington Huskies,04-10-2024,NCAA D1 Big Ten Round 6,2,55,21,5,121,0,4,12,69,57,8,3,38,21,17,13,2,15,00:14,5,4,2,91,6,15,43,1,0,23,22,3,51,20,39,34,16,47,5,404,319,79,4,2,50,166,116,70,5,1,20,56,53,95,133,110,83,89,68,76,1,72,40,56,29,70,42,60,19,31.1,12.4,16,6,38,7,107,36,50,21,41,13,5,38,143,17,52,74,3,9,1,5,273,134,49,21.8,123,56,46,62,40,65,37,14,38,51,24,47,41,24,59.0,5.4,1.28,29:30,21.9,13.9,,,,
10,Indiana Hoosiers,Michigan Wolverines,07-11-2024,NCAA D1 Big Ten Quarter-Finals,0,59,12,1,132,0,3,8,78,59,7,1,14,12,9,5,0,0,00:15,3,4,5,101,6,15,41,1,0,29,28,3,46,12,26,37,9,24,1,524,446,85,4,0,0,182,127,70,3,0,0,63,62,98,222,208,94,74,60,81,2,48,24,50,27,67,43,64,13,25.5,11.1,22,10,45,8,89,32,48,9,24,14,5,36,126,13,54,59,5,6,3,5,229,100,44,20.4,104,41,39,68,35,51,23,12,52,34,12,35,42,21,50,5.2,0.55,34:02,17.8,15.4,,,,
11,Washington Huskies,Wisconsin Badgers,28-09-2024,NCAA D1 Big Ten Round 4,0,51,11,3,129,0,3,5,70,54,7,2,29,14,11,4,1,25,00:10,7,2,5,108,14,9,66,2,0,26,15,1,56,11,20,44,6,14,1,344,246,72,2,0,0,169,103,61,7,4,57,39,36,92,81,67,83,93,58,62,10,62,32,52,42,61,37,61,20,29.8,5.5,21,10,48,7,109,41,54,14,31,14,4,29,142,18,62,62,5,6,3,7,348,141,41,20.7,107,27,25,110,63,57,53,19,36,78,32,41,45,14,31.0,9.8,1.07,23:07,18.3,15.0,,,,
12,Washington Huskies,Rutgers Scarlet Knights,26-10-2024,NCAA D1 Big Ten Round 9,2,45,23,7,139,0,8,8,78,56,13,6,46,22,16,10,1,10,00:10,9,1,1,121,16,6,79,0,0,27,12,3,62,23,37,49,16,33,3,385,285,74,1,0,0,170,112,66,9,4,44,52,49,94,97,77,79,89,60,67,1,41,17,41,37,53,37,70,11,28.3,8.9,23,12,52,12,112,45,43,24,40,19,8,42,138,25,51,62,5,11,3,14,263,132,50,18.9,108,40,37,80,59,74,41,15,37,34,18,53,34,22,65.0,5.5,2.86,23:41,18.7,16.7,,,,
13,Michigan Wolverines,Indiana Hoosiers,16-10-2024,NCAA D1 Big Ten Round 8,0,56,10,1,114,0,3,6,51,45,6,0,0,8,7,4,1,25,00:16,1,0,0,101,16,8,45,1,0,32,18,6,31,10,32,29,10,34,0,455,364,80,0,1,0,176,114,65,1,0,0,78,75,96,150,129,86,85,44,52,2,58,21,36,67,54,33,61,7,33.0,7.1,11,3,27,4,95,45,43,7,22,11,2,18,116,22,55,39,5,6,0,3,294,132,45,20.1,120,36,30,105,67,64,32,13,41,37,16,43,18,9.0,50,8.2,0.81,31:54,19.7,14.7,,,,
14,Ohio State Buckeyes,Michigan State Spartans,29-10-2024,NCAA D1 Big Ten Round 10,2,63,22,8,124,1,4,9,83,67,14,7,50,21,17,8,1,13,00:18,3,2,3,108,18,7,48,4,0,21,30,9,60,22,37,52,18,35,0,673,568,84,2,0,0,191,141,74,3,1,33,117,106,91,264,236,89,117,93,79,1,59,28,47,46,86,56,65,6,28.0,5.5,26,16,62,16,95,27,51,17,42,32,16,50,134,13,36,85,8,22,2,8,257,114,44,18.9,113,33,29,92,57,62,15,8,53,37,16,43,30,14,47.0,7.0,2.58,37:51,16.5,18.2,,,,
15,Ohio State Buckeyes,UNLV Rebels,02-09-2024,NCAA D1 Non-conference matches Regular season,3,66,17,6,126,0,7,4,82,65,14,6,43,19,15,3,0,0,00:16,5,2,2,106,10,12,43,1,0,30,25,8,69,16,23,55,11,20,0,575,474,82,2,1,50,198,149,75,5,3,60,90,82,91,202,177,88,104,84,81,4,62,37,60,59,82,64,78,16,26.8,6.2,32,14,44,11,103,41,44,18,40,22,7,32,123,15,40,68,1,17,4,9,273,131,48,20.9,117,45,38,63,50,79,33,12,36,60,24,40,28,17,61.0,8.8,2.56,35:00,16.2,16.4,,,,
16,Penn State Nittany Lion,Rutgers Scarlet Knights,08-10-2024,NCAA D1 Big Ten Round 6,2,56,14,5,113,0,6,3,66,58,5,3,60,14,12,9,2,22,00:16,6,1,2,90,9,8,44,0,0,20,19,7,51,13,25,42,10,24,1,555,460,83,1,1,100,204,149,73,6,2,33,103,97,94,158,141,89,97,74,76,4,46,24,52,35,83,57,69,22,26.1,13.2,34,15,44,6,94,37,43,14,35,21,7,33,142,28,45,69,4,15,2,12,221,104,47,17.6,81,27,33,78,46,59,12,4,33,50,27,54,33,14,42.0,5.4,2.08,30:42,22.4,18.5,,,,
17,Maryland College Park Terrapins,Ohio State Buckeyes,03-11-2024,NCAA D1 Big Ten Round 11,1,61,8,2,144,0,4,2,70,49,4,1,25,10,7,4,1,25,00:13,3,2,2,109,15,18,60,2,0,35,10,4,47,7,15,33,5,15,0,461,376,82,2,1,50,184,133,72,3,0,0,56,47,84,166,152,92,98,65,66,9,56,34,61,38,63,37,59,13,29.2,7.0,15,8,53,4,97,53,35,9,21,10,4,40,132,26,45,61,1,5,4,7,292,137,47,20.8,119,35,29,96,68,71,28,8,29,49,26,53,49,22,45.0,8.6,0.62,31:29,20.9,14.9,,,,
18,Michigan Wolverines,Ohio State Buckeyes,05-10-2024,NCAA D1 Big Ten Round 6,3,52,11,7,144,0,2,2,73,51,7,5,71,12,8,4,2,50,00:12,5,3,1,106,16,22,60,2,0,28,17,1,48,11,23,38,9,24,0,449,349,78,3,0,0,178,124,70,5,0,0,64,61,95,143,117,82,69,56,81,8,48,22,46,40,54,28,52,4,29.3,7.9,20,8,40,8,100,43,44,13,31,21,6,29,139,15,51,73,3,13,5,2,258,138,53,21.3,113,48,42,92,65,71,22,10,45,31,15,48,32,21,66.0,6.0,0.77,29:20,20.2,15.5,,,,
19,Akron Zips,Ohio State Buckeyes,26-08-2024,NCAA D1 Non-conference matches Regular season,0,57,7,2,118,0,3,2,59,50,4,1,25,9,8,3,1,33,00:13,6,5,0,77,17,23,50,3,0,10,14,3,36,7,19,21,4,19,0,443,353,80,5,0,0,147,104,71,6,0,0,67,60,90,166,141,85,81,50,62,2,43,24,56,36,62,37,60,18,28.4,5.5,12,7,58,6,85,39,37,9,31,8,4,50,134,22,55,57,3,4,1,5,250,109,44,19.0,74,22,30,67,45,67,41,12,29,68,30,44,13,7,54.0,7.3,1.03,26:35,17.0,17.0,,,,
20,Washington Huskies (P),Michigan State Spartans,08-11-2024,NCAA D1 Big Ten Quarter-Finals,0,53,16,5,154,0,8,3,79,51,11,4,36,17,11,5,1,20,00:15,4,5,2,126,13,8,52,1,0,42,25,7,49,16,33,39,12,31,2,662,524,79,5,0,0,255,168,66,4,2,50,86,82,95,215,192,89,97,65,67,4,89,24,27,54,95,48,51,14,28.3,11.4,28,10,36,5,141,57,63,21,39,20,9,45,189,22,71,96,0,14,6,4,246,122,50,19.3,80,37,46,80,46,57,28,14,50,58,25,43,34,22,65.0,4.9,2.68,38:32,17.9,17.4,,,,
21,Northwestern Wildcats,Penn State Nittany Lion,03-11-2024,NCAA D1 Big Ten Round 11,4,53,16,9,136,1,3,3,68,50,9,6,67,13,10,7,3,43,00:12,6,2,3,109,13,13,56,0,0,34,17,2,52,15,29,40,11,28,1,456,351,77,2,2,100,182,120,66,6,1,17,66,63,95,143,118,83,103,71,69,4,67,35,52,36,59,40,68,9,29.1,8.6,15,6,40,10,118,53,47,18,43,14,5,36,141,17,66,58,4,7,3,7,264,128,48,20.9,114,30,26,84,68,81,30,11,37,36,19,53,25,6,24.0,5.9,1.79,29:12,18.3,15.7,,,,
22,Rutgers Scarlet Knights,Maryland College Park Terrapins,30-10-2024,NCAA D1 Big Ten Round 10,3,39,13,7,108,0,4,2,44,41,10,6,60,17,16,3,1,33,00:11,3,4,3,71,15,19,39,1,0,22,8,2,32,10,31,18,4,22,3,302,225,75,4,2,50,117,75,64,3,1,33,36,33,92,108,90,83,80,46,57,2,57,30,53,54,35,21,60,21,32.6,10.1,10,6,60,8,87,44,36,7,23,10,4,40,130,33,59,38,3,4,3,8,258,132,51,22.5,94,40,43,96,57,59,18,9,50,50,26,52,30,17,57.0,5.3,2.63,20:36,18.5,15.1,,,,
23,Ohio State Buckeyes,Michigan State Spartans,29-10-2024,NCAA D1 Big Ten Round 10,2,63,22,8,124,1,4,9,83,67,14,7,50,21,17,8,1,13,00:18,3,2,3,108,18,7,48,4,0,21,30,9,60,22,37,52,18,35,0,673,568,84,2,0,0,191,141,74,3,1,33,117,106,91,264,236,89,117,93,79,1,59,28,47,46,86,56,65,6,28.0,5.5,26,16,62,16,95,27,51,17,42,32,16,50,134,13,36,85,8,22,2,8,257,114,44,18.9,113,33,29,92,57,62,15,8,53,37,16,43,30,14,47.0,7.0,2.58,37:51,16.5,18.2,,,,
24,Ohio State Buckeyes,Rutgers Scarlet Knights,23-09-2024,NCAA D1 Big Ten Round 3,3,56,26,10,143,2,8,6,87,61,14,6,43,21,15,12,4,33,00:12,7,4,3,118,18,11,64,5,0,28,22,4,65,24,37,53,20,38,3,518,429,83,4,2,50,194,149,77,7,2,29,93,87,94,164,143,87,108,84,78,5,60,40,67,68,76,58,76,21,27.9,5.3,25,13,52,14,109,47,38,24,34,26,10,38,144,24,50,70,7,16,3,8,233,114,49,20.6,75,26,35,91,55,60,14,6,43,53,27,51,22,12,55.0,7.7,3.75,30:01,18.6,17.3,,,,
25,Maryland College Park Terrapins,Wisconsin Badgers,14-09-2024,NCAA D1 Big Ten Round 1,3,40,7,3,92,1,1,2,43,47,4,2,50,6,7,3,1,33,00:14,4,1,1,73,11,6,41,0,0,18,8,6,31,7,23,22,4,18,0,281,205,73,1,1,100,118,71,60,4,1,25,47,40,85,84,71,85,57,32,56,0,42,22,52,49,41,23,56,19,34.2,12.9,10,4,40,6,84,40,37,7,22,3,1,33,131,27,60,44,1,2,0,4,233,96,41,20.3,70,17,24,79,47,59,15,6,40,69,26,38,15,4.0,27,4.2,1.02,22:54,16.7,12.8,,,,
26,Penn State Nittany Lion,Rutgers Scarlet Knights,08-10-2024,NCAA D1 Big Ten Round 6,2,56,14,5,113,0,6,3,66,58,5,3,60,14,12,9,2,22,00:16,6,1,2,90,9,8,44,0,0,20,19,7,51,13,25,42,10,24,1,555,460,83,1,1,100,204,149,73,6,2,33,103,97,94,158,141,89,97,74,76,4,46,24,52,35,83,57,69,22,26.1,13.2,34,15,44,6,94,37,43,14,35,21,7,33,142,28,45,69,4,15,2,12,221,104,47,17.6,81,27,33,78,46,59,12,4,33,50,27,54,33,14,42.0,5.4,2.08,30:42,22.4,18.5,,,,
27,Michigan State Spartans,Wisconsin Badgers,12-10-2024,NCAA D1 Big Ten Round 7,2,42,7,3,108,0,1,3,42,39,4,1,25,7,6,3,2,67,00:13,2,3,4,88,12,10,50,2,0,15,17,6,29,7,24,22,4,18,0,383,323,84,3,0,0,119,81,68,2,1,50,58,56,97,162,150,93,64,42,66,8,37,21,57,58,39,23,59,26,33.8,12.8,11,6,55,5,91,47,36,8,17,12,4,33,122,32,57,33,4,7,1,3,247,105,43,20.6,83,26,31,111,62,56,5,2,40,48,15,31,6,4,67.0,5.4,1.03,24:56,17.2,16.0,,,,
28,Rutgers Scarlet Knights,Northwestern Wildcats,12-10-2024,NCAA D1 Big Ten Round 7,1,55,17,3,120,2,9,3,65,54,7,2,29,17,14,10,1,10,00:15,6,3,0,87,9,18,42,1,0,22,19,4,48,16,33,32,12,38,0,518,436,84,3,1,33,186,145,78,6,1,17,68,65,96,183,164,90,93,66,71,6,51,31,61,48,59,47,80,17,25.8,6.6,21,8,38,9,113,48,41,24,38,32,10,31,130,24,56,50,7,18,7,11,292,125,43,20.3,133,48,36,75,47,63,27,10,37,57,20,35,32,21,66.0,6.2,1.46,31:51,20.2,16.7,,,,
29,St John's Red Storm,Penn State Nittany Lion,25-09-2024,NCAA D1 Non-conference matches Regular season,1,58,12,4,128,0,4,4,65,51,5,3,60,15,12,7,1,14,00:16,4,4,2,111,14,10,55,1,0,22,23,11,58,11,19,48,8,17,0,572,439,77,4,1,25,204,135,66,4,3,75,81,73,90,207,174,84,111,78,70,3,96,50,52,50,91,57,63,14,28.6,8.7,33,18,55,7,129,67,34,28,43,25,12,48,173,25,60,88,4,17,4,9,296,167,56,20.9,97,36,37,116,98,84,22,7,32,61,26,43,28,18,64.0,7.6,1.69,34:28,18.6,16.8,,,,
30,Penn State Nittany Lion,Cornell Big Red,10-09-2024,NCAA D1 Non-conference matches Regular season,2,51,5,2,123,0,1,2,54,44,1,0,0,1,1,4,2,50,00:13,1,4,1,89,12,24,56,3,0,15,13,5,33,3,9,26,2,8,0,442,348,79,4,2,50,166,100,60,1,0,0,63,60,95,153,139,91,77,56,73,7,73,32,44,53,73,42,58,17,34.4,11.5,13,3,23,0,94,49,37,8,17,12,3,25,157,23,57,77,1,10,1,1,298,166,56,21.2,85,36,42,117,79,68,10,7,70,86,44,51,46,23,50.0,6.7,0.22,28:39,23.6,15.8,,,,
31,UCLA Bruins,Washington Huskies,03-11-2024,NCAA D1 Big Ten Round 11,0,65,10,5,122,0,0,5,64,52,4,1,25,11,9,6,4,67,00:18,5,1,1,98,9,7,44,4,0,19,23,12,49,10,20,42,5,12,0,655,563,86,1,0,0,205,148,72,5,2,40,104,99,95,264,246,93,111,74,67,1,55,25,45,24,76,59,78,3,26.6,10.8,18,10,56,7,77,40,24,13,23,19,7,37,116,15,43,58,3,11,5,6,222,103,46,20.3,82,21,26,79,53,67,25,13,52,36,16,44,10,5,50.0,6.5,0.93,38:14,18.8,17.2,,,,
32,UCLA Bruins,Michigan Wolverines,22-09-2024,NCAA D1 Big Ten Round 3,3,60,12,5,91,0,4,3,58,64,6,2,33,11,12,6,3,50,00:23,3,1,3,69,16,12,25,2,0,14,21,9,36,11,31,26,7,27,0,635,564,89,1,1,100,157,116,74,3,1,33,73,70,96,344,326,95,80,59,74,1,45,20,44,27,56,32,57,5,32.7,8.9,25,10,40,7,62,23,30,9,21,11,7,64,90,13,29,48,3,8,0,7,172,86,50,21.2,53,23,43,68,43,63,27,10,37,24,10,42,8,6,75.0,5.3,1.78,35:47,17.5,18.1,,,,
33,Ohio State Buckeyes,Northwestern Wildcats,26-10-2024,NCAA D1 Big Ten Round 9,2,63,16,6,124,1,5,4,73,59,7,4,57,13,10,9,2,22,00:18,7,3,2,95,13,11,41,1,0,29,18,7,45,16,36,34,10,29,1,524,433,83,3,1,33,200,142,71,7,2,29,82,79,96,177,158,89,110,77,70,2,69,37,54,41,73,47,64,18,30.1,9.1,16,6,38,7,106,54,37,15,23,11,2,18,125,19,47,59,2,6,3,6,222,108,49,21.0,92,29,32,66,48,73,26,11,42,38,20,53,29,13,45.0,6.1,1.73,38:01,20.4,13.8,,,,
34,Rutgers Scarlet Knights,Maryland College Park Terrapins,30-10-2024,NCAA D1 Big Ten Round 10,3,39,13,7,108,0,4,2,44,41,10,6,60,17,16,3,1,33,00:11,3,4,3,71,15,19,39,1,0,22,8,2,32,10,31,18,4,22,3,302,225,75,4,2,50,117,75,64,3,1,33,36,33,92,108,90,83,80,46,57,2,57,30,53,54,35,21,60,21,32.6,10.1,10,6,60,8,87,44,36,7,23,10,4,40,130,33,59,38,3,4,3,8,258,132,51,22.5,94,40,43,96,57,59,18,9,50,50,26,52,30,17,57.0,5.3,2.63,20:36,18.5,15.1,,,,
35,Michigan State Spartans,Oregon State Beavers,02-09-2024,NCAA D1 Non-conference matches Regular season,1,54,19,6,106,0,7,6,65,61,12,4,33,19,18,7,2,29,00:17,10,3,0,73,17,14,35,2,0,22,9,7,45,19,42,25,11,44,0,475,405,85,3,1,33,154,116,75,10,5,50,51,50,98,200,184,92,72,58,81,8,42,25,60,42,62,48,77,9,26.9,8.0,24,14,58,9,95,42,36,17,29,16,7,44,125,20,43,62,2,10,4,13,244,103,42,19.8,86,30,35,92,52,57,21,5,24,45,16,36,24,12,50.0,6.3,1.28,30:41,18.9,15.8,,,,
36,Penn State Nittany Lion,UCLA Bruins,05-10-2024,NCAA D1 Big Ten Round 6,2,47,10,5,109,0,1,4,61,56,2,1,50,10,9,8,4,50,00:14,3,5,3,88,8,13,44,1,0,21,18,5,43,10,23,32,7,22,1,427,355,83,5,1,20,125,91,73,3,0,0,62,60,97,180,160,89,62,49,79,4,32,20,63,59,63,40,63,24,27.1,7.9,17,5,29,6,74,18,41,15,29,14,1,7,113,19,41,53,2,9,3,6,224,104,46,19.4,83,28,34,81,53,65,23,9,39,37,14,38,30,15,50.0,5.6,0.66,27:11,21.6,15.8,,,,
37,Maryland College Park Terrapins,Penn State Nittany Lion,01-10-2024,NCAA D1 Big Ten Round 5,1,64,18,4,126,1,7,6,77,61,11,4,36,18,14,7,0,0,00:17,8,4,0,99,10,13,46,0,0,24,21,8,67,18,27,49,10,20,0,580,487,84,4,2,50,189,145,77,8,4,50,94,85,90,230,205,89,121,92,76,2,59,38,64,36,74,58,78,19,25.1,6.6,27,13,48,12,103,46,43,14,37,20,4,20,144,16,56,72,5,12,3,12,235,108,46,20.3,87,26,30,68,48,71,28,10,36,52,24,46,29,10,34.0,6.7,1.51,36:23,18.2,16.1,,,,
38,Ohio State Buckeyes,Butler Bulldogs,14-09-2024,NCAA D1 Non-conference matches Regular season,1,60,14,8,117,0,3,3,73,62,8,6,75,16,14,6,2,33,00:13,11,4,2,90,24,11,40,1,0,27,21,2,56,14,25,41,12,29,0,441,346,78,4,0,0,175,119,68,11,1,9,67,61,91,130,114,88,102,72,71,2,68,32,47,32,63,41,65,12,28.1,5.4,33,24,73,11,101,46,40,15,37,32,13,41,121,20,42,59,8,17,7,10,257,123,48,22.0,98,22,22,100,70,70,29,16,55,30,15,50,9,1,11.0,9.1,1.66,27:11,17.6,16.3,,,,
39,Wisconsin Badgers,UCLA Bruins,17-09-2024,NCAA D1 Big Ten Round 2,4,35,23,12,125,0,3,8,58,46,16,11,69,25,20,7,1,14,00:08,5,9,1,97,7,15,72,1,0,15,9,1,54,21,39,40,17,43,0,281,205,73,9,3,33,116,71,61,5,2,40,44,43,98,80,62,78,57,39,68,5,45,18,40,49,49,26,53,23,30.4,17.1,20,10,50,10,78,35,26,17,31,19,9,47,126,16,50,60,7,12,0,5,234,108,46,19.9,90,35,39,65,38,58,27,10,37,52,25,48,41,22,54.0,4.4,3.75,17:33,17.5,16.5,,,,
40,Notre Dame Fighting Irish,Michigan Wolverines,09-10-2024,NCAA D1 Non-conference matches Regular season,0,53,19,8,132,0,6,5,83,63,12,5,42,23,17,7,3,43,00:13,6,5,2,102,12,15,51,1,0,26,21,4,67,19,28,55,10,18,0,529,443,84,5,3,60,182,138,76,6,4,67,88,84,95,215,188,87,117,96,82,2,50,21,42,22,93,67,72,4,29.7,9.1,37,18,49,10,82,34,27,21,32,29,9,31,120,15,31,74,5,20,4,13,193,95,49,23.5,86,28,33,74,49,66,10,4,40,23,14,61,7,4,57.0,4.0,2.0,30:46,16.2,17.6,,,,
41,Michigan Wolverines,Maryland College Park Terrapins,26-10-2024,NCAA D1 Big Ten Round 9,2,33,7,2,126,0,3,2,45,36,5,2,40,8,6,2,0,0,00:08,5,4,2,95,21,14,72,3,0,15,7,1,35,6,17,21,4,19,0,260,178,68,4,0,0,125,67,54,5,2,40,47,43,91,74,59,80,77,43,56,10,59,25,42,61,46,27,59,26,35.0,9.8,16,8,50,4,93,52,30,11,26,11,5,45,129,27,46,56,3,7,1,3,286,130,45,25.9,91,21,23,120,76,63,30,14,47,45,19,42,18,7,39.0,6.1,1.17,17:42,18.3,15.3,,,,
42,Michigan State Spartans,Washington Huskies,14-09-2024,NCAA D1 Big Ten Round 1,1,47,8,1,104,0,3,4,43,41,5,0,0,11,11,3,1,33,00:13,2,3,2,78,16,15,47,1,0,14,13,4,35,8,23,24,6,25,0,399,319,80,3,0,0,142,95,67,2,0,0,65,62,95,131,115,88,72,54,75,4,52,30,58,42,50,32,64,10,28.3,9.1,10,4,40,5,110,44,50,16,33,12,5,42,131,21,58,52,4,5,3,1,282,141,50,19.9,92,31,34,105,74,70,35,10,29,50,26,52,19,12,63.0,7.2,1.02,23:29,17.8,17.3,,,,
43,Maryland College Park Terrapins,Wisconsin Badgers,14-09-2024,NCAA D1 Big Ten Round 1,3,40,7,3,92,1,1,2,43,47,4,2,50,6,7,3,1,33,00:14,4,1,1,73,11,6,41,0,0,18,8,6,31,7,23,22,4,18,0,281,205,73,1,1,100,118,71,60,4,1,25,47,40,85,84,71,85,57,32,56,0,42,22,52,49,41,23,56,19,34.2,12.9,10,4,40,6,84,40,37,7,22,3,1,33,131,27,60,44,1,2,0,4,233,96,41,20.3,70,17,24,79,47,59,15,6,40,69,26,38,15,4.0,27,4.2,1.02,22:54,16.7,12.8,,,,
44,Portland Pilots,Washington Huskies,24-08-2024,NCAA D1 Non-conference matches Regular season,2,51,10,5,114,1,3,1,50,44,8,4,50,13,11,2,1,50,00:16,2,1,1,93,6,12,51,2,0,20,16,6,40,10,25,31,9,29,0,440,369,84,1,1,100,160,116,73,2,0,0,57,54,95,169,156,92,72,50,69,8,50,28,56,51,45,34,76,19,27.3,12.4,18,8,44,8,93,56,27,10,26,12,3,25,122,38,39,45,2,5,5,6,236,102,43,20.4,118,39,33,73,45,62,17,6,35,28,12,43,26,16,62.0,5.0,2.1,31:13,20.1,14.2,,,,
45,Wisconsin Badgers,Drexel Dragons,25-08-2024,NCAA D1 Non-conference matches Regular season,4,38,10,4,114,2,2,2,53,46,6,2,33,8,7,4,2,50,00:10,6,4,2,86,14,9,57,1,0,17,12,0,39,9,23,23,5,22,0,276,206,75,4,2,50,113,76,67,6,2,33,39,36,92,95,73,77,43,32,74,4,41,21,51,78,43,22,51,21,34.6,8.3,13,1,8,6,77,41,25,11,24,19,4,21,104,14,39,51,8,9,2,2,198,109,55,22.4,68,34,50,63,45,71,13,2,15,54,28,52,34,22,65.0,5.1,1.46,19:18,17.2,14.5,,,,
46,Washington Huskies,Seattle Redhawks,10-09-2024,NCAA D1 Non-conference matches Regular season,2,47,14,5,127,0,4,5,59,46,10,4,40,14,11,4,1,25,00:11,6,3,2,97,13,13,59,5,0,23,11,4,46,14,30,34,9,26,0,411,330,80,3,1,33,157,113,72,6,3,50,41,38,93,125,109,87,91,57,63,4,57,31,54,35,56,35,63,12,31.7,10.4,17,9,53,9,109,56,41,12,28,13,4,31,143,32,50,61,5,5,3,7,310,134,43,18.4,102,31,30,90,56,62,55,21,38,63,26,41,31,16,52.0,6.6,3.03,25:10,14.9,16.4,,,,
47,Washington Huskies,Ohio State Buckeyes,10-11-2024,NCAA D1 Big Ten Semi-Final,1,46,11,2,139,0,7,2,73,53,9,2,22,17,12,2,0,0,00:08,6,9,4,106,14,19,72,3,0,27,5,2,52,11,21,35,8,23,0,352,245,70,9,2,22,169,101,60,6,0,0,44,36,82,98,78,80,91,62,68,8,54,25,46,38,76,44,58,7,29.9,8.1,31,13,42,8,132,43,65,24,55,18,7,39,143,14,48,81,3,12,3,8,297,141,47,20.4,69,24,35,97,62,64,63,20,32,68,35,51,13,8,62.0,8.6,1.29,20:41,13.6,17.6,,,,
48,Michigan Wolverines,Washington Huskies,17-09-2024,NCAA D1 Big Ten Round 2,1,53,8,3,108,1,1,3,46,43,4,2,50,9,8,4,1,25,00:13,5,4,2,75,9,12,39,2,0,17,15,4,43,8,19,33,6,18,1,379,317,84,4,1,25,120,83,69,5,0,0,75,70,93,131,123,94,72,51,71,3,48,27,56,34,46,34,74,21,33.0,15.9,18,10,56,7,70,34,26,10,18,13,6,46,95,19,31,45,3,7,3,8,234,108,46,21.1,91,35,38,67,37,55,32,13,41,44,23,52,14,7,50.0,6.5,0.69,24:43,19.6,15.8,,,,
49,SIUE Cougars,Michigan State Spartans,23-08-2024,NCAA D1 Non-conference matches Regular season,1,44,3,2,106,0,0,1,42,40,2,1,50,8,8,1,1,100,00:14,1,5,0,82,17,16,46,4,0,23,11,2,18,2,11,12,1,8,0,396,322,81,5,1,20,145,96,66,1,0,0,60,53,88,153,142,93,58,39,67,5,54,27,50,42,47,19,40,21,33.6,14.0,14,7,50,1,90,48,35,7,26,6,3,50,116,24,49,43,2,3,1,4,206,104,50,20.1,56,23,41,79,50,63,35,16,46,36,15,42,10,5,50.0,5.0,0.24,25:30,20.9,15.8,,,,
50,Ohio State Buckeyes,Washington Huskies,08-10-2024,NCAA D1 Big Ten Round 6,2,54,10,5,147,0,4,1,67,46,5,3,60,12,8,5,2,40,00:10,6,5,2,115,13,18,81,2,0,23,10,1,53,10,19,32,6,19,2,475,339,71,5,1,20,199,122,61,6,0,0,70,57,81,104,87,84,112,59,53,3,64,33,52,73,58,39,67,25,24.6,4.8,18,8,44,6,132,66,48,18,40,16,6,38,191,40,91,60,4,7,5,8,327,158,48,17.9,115,28,24,86,60,70,35,17,49,91,53,58,33,8,24.0,9.4,1.02,24:30,18.9,19.8,,,,
51,Michigan State Spartans,Northwestern Wildcats,01-10-2024,NCAA D1 Big Ten Round 5,1,57,14,4,109,0,6,4,59,54,10,4,40,16,15,4,0,0,00:17,2,4,3,84,13,14,39,1,0,17,20,8,40,12,30,32,9,28,0,515,443,86,4,4,100,160,117,73,2,1,50,73,71,97,237,220,93,82,58,71,3,53,27,51,44,54,39,72,14,27.7,11.1,14,7,50,8,88,44,30,14,24,15,5,33,116,23,45,48,6,8,1,8,218,98,45,20.4,77,22,29,93,56,60,14,5,36,34,15,44,19,8,42.0,6.7,1.91,31:18,16.7,16.6,,,,
52,Northwestern Wildcats,Michigan Wolverines,19-10-2024,NCAA D1 Big Ten Round 8,1,38,7,3,115,0,2,2,56,49,6,3,50,15,13,1,0,0,00:10,3,5,3,90,24,16,60,2,0,20,9,1,41,7,17,26,3,12,0,293,196,67,5,1,20,138,78,57,3,1,33,29,28,97,93,69,74,61,33,54,0,65,27,42,34,64,36,56,16,31.5,9.0,19,7,37,4,103,47,40,16,32,16,2,13,147,26,48,73,3,11,2,6,248,122,49,22.5,69,27,39,78,47,60,29,14,48,72,34,47,18,9,50.0,0.0,1.06,20:44,13.0,14.7,4.3,6.8,28.0,0.59
53,Penn State Nittany Lion,Michigan State Spartans,21-09-2024,NCAA D1 Big Ten Round 3,2,51,9,6,112,0,1,2,60,54,6,4,67,13,12,3,2,67,00:17,3,1,0,92,8,5,44,0,0,21,20,7,43,9,21,35,7,20,0,513,424,83,1,1,100,164,111,68,3,0,0,85,81,95,207,188,91,99,74,75,1,65,32,49,57,81,47,58,13,30.2,11.4,19,9,47,6,79,35,36,8,29,12,2,17,125,28,38,59,4,6,2,10,197,97,49,21.1,64,18,28,70,45,64,21,7,33,42,27,64,16,12,75.0,5.0,1.59,32:41,16.9,16.0,,,,
54,Michigan State Spartans,Air Force Falcons,07-09-2024,NCAA D1 Non-conference matches Regular season,1,62,14,2,126,0,5,7,72,57,10,1,10,20,16,4,1,25,00:16,7,5,1,97,14,15,37,2,0,27,23,10,61,13,21,47,8,17,1,534,440,82,5,1,20,188,136,72,7,3,43,68,63,93,215,192,89,101,82,81,6,59,35,59,23,82,53,65,5,30.3,6.8,32,17,53,11,99,41,43,15,35,22,7,32,138,17,42,79,8,11,3,10,282,138,49,21.4,101,35,35,91,61,67,32,14,44,58,28,48,32,18,56.0,7.2,1.37,34:36,17.0,15.7,,,,
55,Wisconsin Badgers,Ohio State Buckeyes,20-10-2024,NCAA D1 Big Ten Round 8,2,46,12,4,136,1,4,3,60,44,10,4,40,13,10,2,0,0,00:10,6,5,3,109,14,11,68,4,0,24,16,1,51,10,20,38,7,18,1,356,275,77,5,1,20,162,113,70,6,1,17,59,52,88,97,79,81,95,64,67,10,56,34,61,59,68,43,63,23,29.2,7.0,16,8,50,8,103,42,42,19,40,15,7,47,138,17,57,64,3,10,2,5,316,152,48,21.5,92,22,24,119,88,74,35,12,34,70,30,43,22.0,8,36,8.0,2.46,23:43,15.7,15.5,,,,
56,Wisconsin Badgers,Ohio State Buckeyes,20-10-2024,NCAA D1 Big Ten Round 8,2,46,12,4,136,1,4,3,60,44,10,4,40,13,10,2,0,0,00:10,6,5,3,109,14,11,68,4,0,24,16,1,51,10,20,38,7,18,1,356,275,77,5,1,20,162,113,70,6,1,17,59,52,88,97,79,81,95,64,67,10,56,34,61,59,68,43,63,23,29.2,7.0,16,8,50,8,103,42,42,19,40,15,7,47,138,17,57,64,3,10,2,5,316,152,48,21.5,92,22,24,119,88,74,35,12,34,70,30,43,22.0,8,36,8.0,2.46,23:43,15.7,15.5,,,,
57,Ohio State Buckeyes,SIUE Cougars,30-08-2024,NCAA D1 Non-conference matches Regular season,4,62,25,11,109,1,8,5,79,72,14,10,71,27,25,11,1,9,00:18,6,2,2,80,23,16,31,2,0,18,24,7,53,24,45,38,18,47,2,594,527,89,2,1,50,198,168,85,6,3,50,92,92,100,234,207,88,96,85,89,3,47,30,64,44,74,54,73,12,27.3,4.8,32,17,53,15,73,23,38,12,25,29,12,41,102,8,31,63,8,19,2,14,235,122,52,20.5,76,38,50,100,54,54,24,13,54,35,17,49,36.0,24,67,8.6,3.43,33:28,17.0,18.0,,,,
58,UIC Flames,Northwestern Wildcats,03-09-2024,NCAA D1 Non-conference matches Regular season,0,62,4,2,118,1,1,0,63,53,3,2,67,7,6,1,0,0,00:16,6,2,1,94,8,8,44,0,0,21,23,6,43,4,9,34,3,9,0,490,400,82,2,0,0,177,120,68,6,0,0,70,68,97,196,177,90,102,77,75,4,73,41,56,48,82,53,65,9,37.8,6.2,29,7,24,4,85,44,30,11,24,17,2,12,108,13,30,65,4,9,4,6,254,118,46,23.5,79,23,29,77,52,68,25,7,28,73,36,49,37,19,51,8.1,0.24,32:40,16.8,15.3,,,,
59,Michigan Wolverines,Loyola Chicago Ramblers,23-08-2024,NCAA D1 Non-conference matches Regular season,1,43,14,4,117,0,2,8,59,50,11,4,36,15,13,3,0,0,00:10,0,5,1,86,9,15,57,3,0,11,15,3,40,14,35,31,10,32,0,317,255,80,5,2,40,109,72,66,0,0,0,60,56,93,103,91,88,53,39,74,8,46,21,46,39,39,19,49,18,43.2,8.9,13,5,38,8,89,45,35,9,23,7,2,29,101,22,31,48,2,4,1,5,351,172,49,21.5,131,45,34,111,79,71,44,21,48,65,27,42,27,17,63.0,7.2,1.79,21:21,17.4,15.1,,,,
60,Michigan State Spartans,Michigan Wolverines,23-10-2024,NCAA D1 Big Ten Round 9,0,53,4,3,122,0,0,1,59,48,4,3,75,12,10,0,2,2,00:13,6,3,6,95,9,13,48,1,0,27,16,4,42,4,10,30,3,10,0,411,321,78,3,0,0,134,90,67,6,0,0,68,60,88,162,141,87,77,53,69,0,60,37,62,31,51,36,71,12,28.7,7.8,19,12,63,3,74,36,29,9,23,12,2,17,114,15,49,50,1,8,3,11,198,103,52,20.8,65,25,38,68,50,74,24,10,42,41,18,44,7,3,43.0,5.3,0.31,26:47,15.8,15.8,,,,
61,Washington Huskies,Northwestern Wildcats,21-09-2024,NCAA D1 Big Ten Round 3,2,53,11,6,146,0,0,5,74,51,6,4,67,11,8,5,2,40,00:11,5,4,4,126,12,8,78,1,0,28,18,2,53,11,21,40,6,15,0,396,294,74,4,1,25,161,100,62,5,1,20,44,39,89,145,118,81,84,54,64,2,75,32,43,36,66,30,45,8,34.4,6.5,26,13,50,5,89,38,31,20,31,16,5,31,135,30,45,60,4,9,3,10,280,126,45,22.2,94,24,26,89,69,78,40,15,38,57,18,32,18,8,44.0,7.3,1.52,26:49,17.7,15.2,,,,
62,UCLA Bruins,Michigan Wolverines,22-09-2024,NCAA D1 Big Ten Round 3,3,60,12,5,91,0,4,3,58,64,6,2,33,11,12,6,3,50,00:23,3,1,3,69,16,12,25,2,0,14,21,9,36,11,31,26,7,27,0,635,564,89,1,1,100,157,116,74,3,1,33,73,70,96,344,326,95,80,59,74,1,45,20,44,27,56,32,57,5,32.7,8.9,25,10,40,7,62,23,30,9,21,11,7,64,90,13,29,48,3,8,0,7,172,86,50,21.2,53,23,43,68,43,63,27,10,37,24,10,42,8,6,75.0,5.3,1.78,35:47,17.5,18.1,,,,
63,Rutgers Scarlet Knights,Indiana Hoosiers,14-09-2024,NCAA D1 Big Ten Round 1,0,44,7,1,111,1,1,4,53,48,4,1,25,8,7,3,0,0,00:12,3,2,1,88,13,10,50,2,0,19,17,2,36,7,19,27,6,22,0,298,228,77,2,0,0,118,78,66,3,0,0,45,44,98,86,67,78,66,51,77,4,45,18,40,38,51,34,67,26,27.3,10.3,14,4,29,4,79,29,40,10,31,15,6,40,116,19,44,53,4,9,2,4,229,106,46,20.1,65,21,32,83,43,52,26,10,38,55,32,58,20,10,50.0,5.2,0.49,22:24,18.7,13.5,,,,
64,UCLA Bruins,(E) Michigan Wolverines,10-11-2024,NCAA D1 Big Ten Semi-Final,1,58,8,4,113,1,0,3,63,56,5,3,60,11,10,3,1,33,00:19,3,1,2,88,17,13,41,3,0,15,20,12,42,7,17,31,7,23,1,661,567,86,1,0,0,186,126,68,3,0,0,83,81,98,328,308,94,102,67,66,0,52,21,40,45,59,39,66,3,30.8,8.6,17,7,41,6,81,42,31,8,19,17,4,24,111,21,50,40,5,10,2,6,240,106,44,21.0,91,31,34,93,52,56,35,14,40,21,9,43,36,20,56.0,6.7,1.81,37:03,16.3,17.9,,,,
65,UCLA Bruins,Portland Pilots,30-08-2024,NCAA D1 Non-conference matches Regular season,2,54,9,4,95,0,2,3,51,54,3,3,100,11,12,6,1,17,00:18,4,1,1,73,8,8,37,0,0,15,13,8,38,8,21,26,5,19,0,480,421,88,1,1,100,126,108,86,4,2,50,76,70,92,218,195,89,58,43,74,7,40,28,70,43,43,34,79,25,25.8,5.8,14,6,43,5,72,37,23,12,23,14,7,50,88,23,32,33,2,9,3,6,257,135,53,19.6,85,34,40,117,79,68,26,10,38,29,12,41,22,18,82.0,8.0,0.82,29:13,20.4,16.6,,,,
66,Indiana Hoosiers,Penn State Nittany Lion,12-10-2024,NCAA D1 Big Ten Round 7,2,62,13,5,118,0,3,5,74,63,5,3,60,15,13,8,2,25,00:17,7,0,4,90,7,11,40,1,0,22,23,5,45,13,29,31,9,29,2,526,451,86,0,2,1,160,128,80,7,0,0,78,75,96,224,197,88,80,64,80,1,70,46,66,39,65,46,71,13,32.1,7.9,23,9,39,10,90,35,37,18,30,21,4,19,105,10,34,61,7,8,6,11,239,118,49,21.0,89,36,40,70,48,69,36,15,42,44,19,43,37,21,57.0,7.0,1.17,35:09,19.4,15.0,,,,
67,Indiana Hoosiers,Notre Dame Fighting Irish,30-08-2024,NCAA D1 Non-conference matches Regular season,2,59,19,9,115,1,4,5,75,65,11,6,55,25,22,8,3,38,00:16,9,3,0,85,6,15,33,1,0,22,27,3,65,18,28,45,11,24,1,462,383,83,3,1,33,150,109,73,9,2,22,71,67,94,202,183,91,108,87,81,0,59,42,71,24,71,56,79,4,35.6,15.5,28,18,64,12,87,36,36,15,35,28,11,39,122,10,41,71,7,18,3,9,216,115,53,24.8,86,36,42,64,54,84,7,4,57,59,21,36,22,15,68.0,4.3,2.13,32:05,18.3,14.4,,,,
68,Indiana Hoosiers,Northwestern Wildcats,30-10-2024,NCAA D1 Big Ten Round 10,6,57,24,11,120,1,9,3,69,57,14,5,36,22,18,10,6,60,00:15,7,3,2,90,12,14,46,1,0,19,20,5,58,23,40,42,18,43,0,432,348,81,3,0,0,142,92,65,7,1,14,77,71,92,169,155,92,82,60,73,3,56,20,36,47,73,48,66,8,34.4,7.2,20,9,45,16,84,32,31,21,32,19,3,16,113,14,40,59,5,7,7,12,231,111,48,23.7,104,45,43,69,46,67,13,5,38,45,15,33,29,20,69.0,6.0,2.97,30:05,18.5,14.4,,,,
69,Indiana Hoosiers,Maryland College Park Terrapins,21-09-2024,NCAA D1 Big Ten Round 3,0,60,18,5,120,0,8,5,68,57,11,4,36,19,16,7,1,14,00:16,9,1,1,88,11,13,43,1,0,27,12,6,55,18,33,38,13,34,0,460,379,82,1,0,0,149,116,78,9,1,11,69,62,90,194,167,86,89,73,82,2,62,38,61,31,68,50,74,4,31.5,8.7,23,11,48,10,94,39,39,16,29,19,8,42,123,13,39,71,4,13,2,6,222,117,53,24.5,83,38,46,78,51,65,12,5,42,49,23,47,27,19,70.0,5.6,1.22,33:28,20.2,13.9,,,,
70,Michigan Wolverines,Bowling Green Falcons,02-09-2024,NCAA D1 Non-conference matches Regular season,2,52,9,5,118,0,2,2,46,39,6,4,67,14,12,3,1,33,00:14,3,4,2,89,20,17,44,4,0,20,20,5,36,8,22,26,5,19,1,443,374,84,4,2,50,153,111,73,3,1,33,87,81,93,160,147,92,84,58,69,6,65,35,54,52,54,38,70,22,35.2,6.7,19,12,63,3,80,40,28,12,24,11,5,45,115,27,47,41,4,7,0,7,223,100,45,21.5,71,29,41,76,39,51,28,11,39,48,21,44,23,12,52.0,6.5,1.15,28:12,16.5,15.8,,,,
71,Penn State Nittany Lion,Wisconsin Badgers,27-10-2024,NCAA D1 Big Ten Round 9,0,68,2,1,118,0,0,1,59,50,1,1,100,7,6,1,0,0,00:18,6,3,2,93,15,10,47,3,0,18,20,8,42,2,5,34,2,6,0,543,435,80,3,0,0,172,110,64,6,0,0,95,89,94,201,179,89,91,67,74,6,76,33,43,64,80,42,53,17,32.5,4.1,23,9,39,1,100,43,45,12,36,20,5,25,133,17,46,70,1,13,6,5,270,125,46,21.2,80,22,28,77,48,62,51,26,51,62,29,47,19,8,42,11.6,0.14,36:08,18.4,15.1,,,,
72,Washington Huskies,Ohio State Buckeyes,10-11-2024,NCAA D1 Big Ten Semi-Final,1,46,11,2,139,0,7,2,73,53,9,2,22,17,12,2,0,0,00:08,6,9,4,106,14,19,72,3,0,27,5,2,52,11,21,35,8,23,0,352,245,70,9,2,22,169,101,60,6,0,0,44,36,82,98,78,80,91,62,68,8,54,25,46,38,76,44,58,7,29.9,8.1,31,13,42,8,132,43,65,24,55,18,7,39,143,14,48,81,3,12,3,8,297,141,47,20.4,69,24,35,97,62,64,63,20,32,68,35,51,13,8,62.0,8.6,1.29,20:41,13.6,17.6,,,,
73,Penn State Nittany Lion,Ohio State Buckeyes,18-09-2024,NCAA D1 Big Ten Round 2,0,43,6,1,115,0,1,4,49,43,5,0,0,6,5,1,1,100,00:11,1,3,3,95,7,10,56,1,0,19,18,2,31,6,19,27,4,15,0,326,252,77,3,1,33,129,77,60,1,1,100,55,50,91,109,97,89,64,40,63,4,54,28,52,52,54,26,48,41,32.3,13.1,9,3,33,4,77,41,30,6,18,7,1,14,136,39,47,50,4,3,0,1,260,107,41,21.0,81,20,25,91,55,60,24,6,25,64,26,41,13,5,38.0,5.9,1.01,22:25,12.7,14.8,,,,
74,Michigan Wolverines,Ohio State Buckeyes,05-10-2024,NCAA D1 Big Ten Round 6,3,52,11,7,144,0,2,2,73,51,7,5,71,12,8,4,2,50,00:12,5,3,1,106,16,22,60,2,0,28,17,1,48,11,23,38,9,24,0,449,349,78,3,0,0,178,124,70,5,0,0,64,61,95,143,117,82,69,56,81,8,48,22,46,40,54,28,52,4,29.3,7.9,20,8,40,8,100,43,44,13,31,21,6,29,139,15,51,73,3,13,5,2,258,138,53,21.3,113,48,42,92,65,71,22,10,45,31,15,48,32,21,66.0,6.0,0.77,29:20,20.2,15.5,,,,
75,Northwestern Wildcats,Wisconsin Badgers,16-10-2024,NCAA D1 Big Ten Round 8,0,39,6,1,114,0,3,2,50,44,3,1,33,6,5,3,0,0,00:09,7,1,1,85,12,16,56,0,0,22,6,1,38,6,16,29,4,14,2,244,156,64,1,0,0,121,63,52,7,1,14,27,21,78,67,55,82,57,36,63,2,57,24,42,25,38,19,50,9,33.1,11.6,18,7,39,4,106,36,54,16,40,14,6,43,149,23,62,64,2,10,2,3,278,128,46,22.5,74,25,34,69,40,58,45,17,38,90,46,51,24,12,50.0,4.9,0.19,18:56,20.7,13.6,,,,
76,Wisconsin Badgers,Marist Red Foxes,23-08-2024,NCAA D1 Non-conference matches Regular season,4,67,26,11,131,1,5,9,81,62,22,9,41,37,28,4,2,50,00:13,16,3,2,94,9,15,49,0,0,21,18,6,73,26,36,44,14,32,0,500,408,82,3,0,0,186,139,75,16,9,56,59,55,93,182,162,89,100,79,79,1,34,15,44,23,73,59,81,23,25.1,6.7,29,21,72,16,110,32,63,15,30,31,10,32,128,14,52,62,6,13,12,6,227,123,54,21.7,78,32,41,45,25,56,24,11,46,80,55,69,30,18,60.0,6.2,2.81,30:28,15.9,16.7,,,,
77,Penn State Nittany Lion,Wisconsin Badgers,27-10-2024,NCAA D1 Big Ten Round 9,0,68,2,1,118,0,0,1,59,50,1,1,100,7,6,1,0,0,00:18,6,3,2,93,15,10,47,3,0,18,20,8,42,2,5,34,2,6,0,543,435,80,3,0,0,172,110,64,6,0,0,95,89,94,201,179,89,91,67,74,6,76,33,43,64,80,42,53,17,32.5,4.1,23,9,39,1,100,43,45,12,36,20,5,25,133,17,46,70,1,13,6,5,270,125,46,21.2,80,22,28,77,48,62,51,26,51,62,29,47,19,8,42,11.6,0.14,36:08,18.4,15.1,,,,
78,Washington Huskies,Denver Pioneers,30-08-2024,NCAA D1 Non-conference matches Regular season,2,52,11,4,117,0,5,2,71,61,8,4,50,15,13,3,0,0,00:15,11,2,3,97,16,5,49,1,0,23,17,8,56,11,20,44,8,18,0,493,393,80,2,0,0,156,105,67,11,3,27,67,62,93,202,177,88,60,40,67,7,50,20,40,41,71,36,51,10,30.3,8.2,29,11,38,6,95,30,46,19,39,27,5,19,120,9,32,79,3,19,5,8,209,101,48,20.4,68,22,32,77,53,69,19,7,37,45,19,42,26,10.0,38,5.1,1.09,30:46,18.0,16.4,,,,
79,Maryland College Park Terrapins,UCLA Bruins,07-11-2024,NCAA D1 Big Ten Quarter-Finals,0,42,9,2,117,0,1,6,70,60,5,1,20,12,10,4,1,25,00:12,2,5,1,97,8,9,54,1,0,19,19,5,47,9,19,36,5,14,0,398,321,81,5,3,60,140,94,67,2,0,0,62,59,95,157,139,89,70,60,86,4,49,27,55,45,69,46,67,24,25.9,10.7,19,4,21,5,80,17,39,24,43,17,2,12,121,9,31,81,4,10,3,2,182,82,45,20.7,73,27,37,74,45,61,16,3,19,19,7,37,38,17,45.0,4.1,0.65,24:55,19.7,16.6,,,,
80,Penn State Nittany Lion,Army West Point Black Knights,25-08-2024,NCAA D1 Non-conference matches Regular season,2,64,13,2,112,0,4,5,61,54,4,0,0,9,8,9,2,22,00:21,8,4,1,85,8,10,32,0,0,17,25,11,45,10,22,34,8,24,0,662,571,86,4,2,50,178,119,67,8,3,38,85,81,95,324,309,95,91,70,77,1,59,27,46,29,97,63,65,6,25.0,10.3,15,3,20,4,91,34,42,15,31,11,2,18,128,16,45,67,3,6,2,1,225,106,47,20.8,78,27,35,63,39,62,23,5,22,61,35,57,18,11,61.0,5.3,0.59,39:17,22.5,17.0,,,,
81,Northwestern Wildcats,Maryland College Park Terrapins,28-09-2024,NCAA D1 Big Ten Round 4,1,57,11,2,122,0,7,1,65,53,7,2,29,12,10,4,0,0,00:16,6,3,1,97,10,11,48,1,0,16,26,7,44,10,23,35,6,17,0,513,420,82,3,1,33,164,113,69,6,5,83,80,76,95,213,190,89,81,57,70,4,61,31,51,27,59,34,58,6,30.5,6.4,22,6,27,6,96,36,45,15,30,19,3,16,136,17,54,65,10,6,3,5,246,127,52,21.1,104,30,29,95,77,81,11,4,36,36,16,44,19,12,63,5.5,1.22,33:37,17.0,15.5,,,,
82,Washington Huskies (P),Michigan State Spartans,08-11-2024,NCAA D1 Big Ten Quarter-Finals,0,53,16,5,154,0,8,3,79,51,11,4,36,17,11,5,1,20,00:15,4,5,2,126,13,8,52,1,0,42,25,7,49,16,33,39,12,31,2,662,524,79,5,0,0,255,168,66,4,2,50,86,82,95,215,192,89,97,65,67,4,89,24,27,54,95,48,51,14,28.3,11.4,28,10,36,5,141,57,63,21,39,20,9,45,189,22,71,96,0,14,6,4,246,122,50,19.3,80,37,46,80,46,57,28,14,50,58,25,43,34,22,65.0,4.9,2.68,38:32,17.9,17.4,,,,
83,Western Michigan Broncos,Northwestern Wildcats,06-09-2024,NCAA D1 Non-conference matches Regular season,1,60,10,3,126,0,4,3,64,51,6,2,33,18,14,4,1,25,00:12,4,3,2,100,11,13,52,0,0,24,21,3,45,10,22,32,7,22,0,399,306,77,3,1,33,151,99,66,4,0,0,66,61,92,118,99,84,87,63,72,4,59,34,58,46,65,40,62,25,34.5,4.8,26,14,54,7,106,47,31,28,36,27,10,37,144,28,42,74,6,17,4,13,297,152,51,21.2,80,27,34,89,62,70,44,18,41,84,45,54,20,12,60.0,10.8,1.1,26:19,18.9,15.3,,,,
84,Maryland College Park Terrapins,Penn State Nittany Lion,01-10-2024,NCAA D1 Big Ten Round 5,1,64,18,4,126,1,7,6,77,61,11,4,36,18,14,7,0,0,00:17,8,4,0,99,10,13,46,0,0,24,21,8,67,18,27,49,10,20,0,580,487,84,4,2,50,189,145,77,8,4,50,94,85,90,230,205,89,121,92,76,2,59,38,64,36,74,58,78,19,25.1,6.6,27,13,48,12,103,46,43,14,37,20,4,20,144,16,56,72,5,12,3,12,235,108,46,20.3,87,26,30,68,48,71,28,10,36,52,24,46,29,10,34.0,6.7,1.51,36:23,18.2,16.1,,,,
85,Lehigh Mountain Hawks,Rutgers Scarlet Knights,03-09-2024,NCAA D1 Non-conference matches Regular season,0,67,20,1,131,1,8,10,99,76,10,0,0,29,22,10,1,10,00:16,11,4,1,102,12,13,42,2,0,28,28,4,78,18,23,55,13,24,0,529,443,84,4,2,50,190,143,75,11,4,36,67,61,91,218,199,91,75,62,83,3,43,20,47,25,82,57,70,14,22.9,6.1,33,17,52,11,83,26,41,16,33,26,7,27,123,9,22,92,14,10,2,14,269,111,41,19.4,106,38,36,78,41,53,40,17,43,45,15,33,59,25,42.0,8.6,2.79,35:54,18.4,15.1,,,,
86,Ohio State Buckeyes,Cleveland State Vikings,23-08-2024,NCAA D1 Non-conference matches Regular season,1,71,26,4,123,0,9,13,98,80,19,4,21,28,23,7,0,0,00:19,11,4,2,99,12,11,37,3,0,22,28,12,80,26,33,61,19,31,0,635,534,84,4,2,50,216,162,75,11,4,36,90,86,96,233,207,89,105,93,89,2,53,32,60,29,85,61,72,5,28.0,5.6,46,24,52,18,125,34,56,35,57,35,12,34,142,10,36,96,10,20,5,21,239,113,47,19.1,98,34,35,52,32,62,29,14,48,60,33,55,46,24,52.0,7.0,3.22,39:37,15.8,16.3,,,,
87,Michigan State Spartans,Rutgers Scarlet Knights,03-11-2024,NCAA D1 Big Ten Round 11,0,51,21,4,106,0,5,12,64,60,12,4,33,19,18,9,0,0,00:18,4,1,3,84,11,6,33,1,0,21,23,7,48,20,42,36,14,39,1,516,441,85,1,0,0,178,138,78,4,3,75,70,64,91,222,206,93,102,83,81,5,49,35,71,38,69,56,81,21,27.5,12.6,17,11,65,14,79,38,27,14,26,12,6,50,98,15,32,51,2,9,1,11,223,114,51,20.3,61,26,43,101,67,66,23,6,26,38,15,39,24,14,58.0,5.2,2.53,33:00,16.9,15.6,,,,
88,Indiana Hoosiers,Northwestern Wildcats,30-10-2024,NCAA D1 Big Ten Round 10,6,57,24,11,120,1,9,3,69,57,14,5,36,22,18,10,6,60,00:15,7,3,2,90,12,14,46,1,0,19,20,5,58,23,40,42,18,43,0,432,348,81,3,0,0,142,92,65,7,1,14,77,71,92,169,155,92,82,60,73,3,56,20,36,47,73,48,66,8,34.4,7.2,20,9,45,16,84,32,31,21,32,19,3,16,113,14,40,59,5,7,7,12,231,111,48,23.7,104,45,43,69,46,67,13,5,38,45,15,33,29,20,69.0,6.0,2.97,30:05,18.5,14.4,,,,
89,Northwestern Wildcats,Michigan Wolverines,19-10-2024,NCAA D1 Big Ten Round 8,1,38,7,3,115,0,2,2,56,49,6,3,50,15,13,1,0,0,00:10,3,5,3,90,24,16,60,2,0,20,9,1,41,7,17,26,3,12,0,293,196,67,5,1,20,138,78,57,3,1,33,29,28,97,93,69,74,61,33,54,0,65,27,42,34,64,36,56,16,31.5,9.0,19,7,37,4,103,47,40,16,32,16,2,13,147,26,48,73,3,11,2,6,248,122,49,22.5,69,27,39,78,47,60,29,14,48,72,34,47,18,9,50.0,0.0,1.06,20:44,13.0,14.7,4.3,6.8,28.0,0.59
90,UCLA Bruins,Michigan State Spartans,28-09-2024,NCAA D1 Big Ten Round 4,0,67,15,5,113,0,5,5,69,61,13,5,38,19,17,2,0,0,00:21,9,0,1,96,10,7,36,0,0,22,27,11,50,15,30,39,12,31,0,667,589,88,0,2,1,175,127,73,9,3,33,82,80,98,352,332,94,90,73,81,2,51,27,53,35,76,53,70,13,30.7,7.8,30,18,60,10,98,48,42,8,27,20,12,60,122,18,44,60,5,13,2,7,233,112,48,20.7,90,24,27,80,56,70,17,7,41,46,25,54,24,10,42.0,7.1,2.11,40:36,12.9,16.7,,,,
91,Michigan Wolverines,Indiana Hoosiers,16-10-2024,NCAA D1 Big Ten Round 8,0,56,10,1,114,0,3,6,51,45,6,0,0,8,7,4,1,25,00:16,1,0,0,101,16,8,45,1,0,32,18,6,31,10,32,29,10,34,0,455,364,80,0,1,0,176,114,65,1,0,0,78,75,96,150,129,86,85,44,52,2,58,21,36,67,54,33,61,7,33.0,7.1,11,3,27,4,95,45,43,7,22,11,2,18,116,22,55,39,5,6,0,3,294,132,45,20.1,120,36,30,105,67,64,32,13,41,37,16,43,18,9.0,50,8.2,0.81,31:54,19.7,14.7,,,,
92,Michigan State Spartans,Michigan Wolverines,23-10-2024,NCAA D1 Big Ten Round 9,0,53,4,3,122,0,0,1,59,48,4,3,75,12,10,0,2,2,00:13,6,3,6,95,9,13,48,1,0,27,16,4,42,4,10,30,3,10,0,411,321,78,3,0,0,134,90,67,6,0,0,68,60,88,162,141,87,77,53,69,0,60,37,62,31,51,36,71,12,28.7,7.8,19,12,63,3,74,36,29,9,23,12,2,17,114,15,49,50,1,8,3,11,198,103,52,20.8,65,25,38,68,50,74,24,10,42,41,18,44,7,3,43.0,5.3,0.31,26:47,15.8,15.8,,,,
93,Washington Huskies,LMU Lions,22-10-2024,NCAA D1 Non-conference matches Regular season,2,46,12,3,116,2,2,5,67,58,5,1,20,13,11,7,2,29,00:14,8,4,0,87,9,10,47,0,0,23,13,4,51,11,22,33,9,27,0,415,323,78,4,1,25,149,97,65,8,0,0,45,45,100,170,145,85,69,52,75,4,48,17,35,32,68,41,60,8,30.1,13.5,32,13,41,6,81,26,37,18,32,20,4,20,113,10,24,79,5,12,3,10,211,109,52,20.7,81,35,43,81,56,69,17,4,24,32,14,44,25,16,64.0,4.1,1.31,28:48,23.1,14.8,,,,
94,Ohio State Buckeyes,Xavier Musketeers,09-09-2024,NCAA D1 Non-conference matches Regular season,3,54,16,6,136,0,4,6,66,49,9,2,22,21,15,7,4,57,00:11,5,2,7,102,25,21,61,3,0,27,13,1,55,16,29,38,10,26,1,472,333,71,2,1,50,195,109,56,5,2,40,81,70,86,132,113,86,112,64,57,4,81,38,47,26,71,38,54,6,31.0,6.8,22,7,32,11,101,40,47,14,29,20,3,15,162,19,74,69,8,8,4,5,310,164,53,22.5,102,44,43,131,86,66,23,11,48,54,23,43,31,22,71.0,8.0,2.0,26:40,18.6,18.2,,,,
95,Northwestern Wildcats,Green Bay Phoenix,22-08-2024,NCAA D1 Non-conference matches Regular season,2,52,19,6,121,1,4,8,68,56,10,3,30,20,17,9,3,33,00:13,9,2,1,101,18,7,63,2,0,14,21,3,56,19,34,42,15,36,0,397,328,83,2,0,0,154,112,73,9,4,44,61,59,97,138,118,86,84,70,83,2,63,39,62,33,66,44,67,15,27.3,6.7,22,8,36,7,86,20,53,13,35,21,9,43,105,9,38,58,9,12,0,3,254,121,48,20.0,107,32,30,93,62,67,17,5,29,37,22,59,32,18,56.0,5.8,1.31,27:27,19.6,14.7,,,,
96,UCLA Bruins,Cal State Fullerton Titans,06-09-2024,NCAA D1 Non-conference matches Regular season,1,74,13,4,113,0,5,4,81,72,5,3,60,13,12,8,1,13,00:23,5,11,4,77,12,23,23,3,0,17,28,9,67,12,18,45,8,18,0,765,694,91,11,2,18,230,199,87,5,1,20,107,103,96,322,301,93,120,108,90,8,38,22,58,23,103,86,83,5,25.0,4.0,21,10,48,7,82,35,33,14,32,27,7,26,108,8,29,71,10,12,5,6,239,124,52,19.6,99,38,38,74,54,73,29,13,45,37,19,51,30,18,60.0,8.9,0.78,45:08,20.5,17.0,,,,
97,UCLA Bruins,Washington Huskies,03-11-2024,NCAA D1 Big Ten Round 11,0,65,10,5,122,0,0,5,64,52,4,1,25,11,9,6,4,67,00:18,5,1,1,98,9,7,44,4,0,19,23,12,49,10,20,42,5,12,0,655,563,86,1,0,0,205,148,72,5,2,40,104,99,95,264,246,93,111,74,67,1,55,25,45,24,76,59,78,3,26.6,10.8,18,10,56,7,77,40,24,13,23,19,7,37,116,15,43,58,3,11,5,6,222,103,46,20.3,82,21,26,79,53,67,25,13,52,36,16,44,10,5,50.0,6.5,0.93,38:14,18.8,17.2,,,,
98,Maryland College Park Terrapins,UCLA Bruins,07-11-2024,NCAA D1 Big Ten Quarter-Finals,0,42,9,2,117,0,1,6,70,60,5,1,20,12,10,4,1,25,00:12,2,5,1,97,8,9,54,1,0,19,19,5,47,9,19,36,5,14,0,398,321,81,5,3,60,140,94,67,2,0,0,62,59,95,157,139,89,70,60,86,4,49,27,55,45,69,46,67,24,25.9,10.7,19,4,21,5,80,17,39,24,43,17,2,12,121,9,31,81,4,10,3,2,182,82,45,20.7,73,27,37,74,45,61,16,3,19,19,7,37,38,17,45.0,4.1,0.65,24:55,19.7,16.6,,,,
99,Northwestern Wildcats,Drake Bulldogs,31-08-2024,NCAA D1 Non-conference matches Regular season,2,53,11,4,128,1,1,5,65,51,6,2,33,10,8,5,2,40,00:11,1,5,3,107,15,13,69,2,0,21,16,1,39,9,23,32,8,25,0,404,298,74,5,2,40,158,90,57,1,0,0,33,29,88,181,159,88,88,57,65,1,66,30,45,46,54,29,54,25,35.0,6.5,22,10,45,6,111,47,48,16,35,16,6,38,168,25,79,64,5,9,2,4,286,112,39,22.4,90,18,20,63,44,70,39,18,46,94,32,34,21,9,43.0,6.8,1.48,25:06,16.1,16.2,,,,
100,Wisconsin Badgers,Indiana Hoosiers,02-10-2024,NCAA D1 Big Ten Round 5,2,60,13,7,140,0,0,6,86,61,11,7,64,20,14,2,0,0,00:12,12,4,3,109,15,11,53,1,0,30,24,2,59,13,22,44,5,11,0,426,322,76,4,0,0,172,115,67,12,4,33,60,55,92,127,106,83,90,71,79,3,74,39,53,23,80,47,59,17,30.2,6.0,34,20,59,9,90,26,50,14,32,20,9,45,147,15,51,81,2,14,4,9,249,122,49,21.2,81,29,36,76,54,71,26,12,46,66,27,41,27,14,52.0,6.7,1.54,28:46,15.9,15.2,,,,
101,UCLA Bruins,Michigan State Spartans,28-09-2024,NCAA D1 Big Ten Round 4,0,67,15,5,113,0,5,5,69,61,13,5,38,19,17,2,0,0,00:21,9,0,1,96,10,7,36,0,0,22,27,11,50,15,30,39,12,31,0,667,589,88,0,2,1,175,127,73,9,3,33,82,80,98,352,332,94,90,73,81,2,51,27,53,35,76,53,70,13,30.7,7.8,30,18,60,10,98,48,42,8,27,20,12,60,122,18,44,60,5,13,2,7,233,112,48,20.7,90,24,27,80,56,70,17,7,41,46,25,54,24,10,42.0,7.1,2.11,40:36,12.9,16.7,,,,
102,Air Force Falcons,Washington Huskies,02-09-2024,NCAA D1 Non-conference matches Regular season,1,35,8,5,118,0,1,2,46,39,6,5,83,7,6,2,0,0,00:09,3,1,0,93,15,9,57,0,0,28,8,0,23,8,35,15,3,20,0,269,183,68,1,1,100,123,66,54,3,2,67,36,27,75,72,57,79,52,26,50,8,61,28,46,58,37,18,49,21,39.8,11.4,15,2,13,7,96,56,31,9,22,6,1,17,135,29,55,51,1,3,2,5,243,122,50,22.1,63,26,41,95,62,65,46,18,39,39,16,41,16,9,56.0,6.1,1.29,19:12,14.1,14.2,,,,
103,Michigan Wolverines,Washington Huskies,17-09-2024,NCAA D1 Big Ten Round 2,1,53,8,3,108,1,1,3,46,43,4,2,50,9,8,4,1,25,00:13,5,4,2,75,9,12,39,2,0,17,15,4,43,8,19,33,6,18,1,379,317,84,4,1,25,120,83,69,5,0,0,75,70,93,131,123,94,72,51,71,3,48,27,56,34,46,34,74,21,33.0,15.9,18,10,56,7,70,34,26,10,18,13,6,46,95,19,31,45,3,7,3,8,234,108,46,21.1,91,35,38,67,37,55,32,13,41,44,23,52,14,7,50.0,6.5,0.69,24:43,19.6,15.8,,,,
104,Northwestern Wildcats,Penn State Nittany Lion,03-11-2024,NCAA D1 Big Ten Round 11,4,53,16,9,136,1,3,3,68,50,9,6,67,13,10,7,3,43,00:12,6,2,3,109,13,13,56,0,0,34,17,2,52,15,29,40,11,28,1,456,351,77,2,2,100,182,120,66,6,1,17,66,63,95,143,118,83,103,71,69,4,67,35,52,36,59,40,68,9,29.1,8.6,15,6,40,10,118,53,47,18,43,14,5,36,141,17,66,58,4,7,3,7,264,128,48,20.9,114,30,26,84,68,81,30,11,37,36,19,53,25,6,24.0,5.9,1.79,29:12,18.3,15.7,,,,
105,Penn State Nittany Lion,Ohio State Buckeyes,18-09-2024,NCAA D1 Big Ten Round 2,0,43,6,1,115,0,1,4,49,43,5,0,0,6,5,1,1,100,00:11,1,3,3,95,7,10,56,1,0,19,18,2,31,6,19,27,4,15,0,326,252,77,3,1,33,129,77,60,1,1,100,55,50,91,109,97,89,64,40,63,4,54,28,52,52,54,26,48,41,32.3,13.1,9,3,33,4,77,41,30,6,18,7,1,14,136,39,47,50,4,3,0,1,260,107,41,21.0,81,20,25,91,55,60,24,6,25,64,26,41,13,5,38.0,5.9,1.01,22:25,12.7,14.8,,,,
106,UCLA Bruins,Ohio State Buckeyes,12-10-2024,NCAA D1 Big Ten Round 7,2,46,12,4,107,1,3,4,48,45,10,4,40,20,19,2,0,0,00:15,6,0,1,80,11,8,36,0,0,21,15,8,36,12,33,27,9,33,0,452,375,83,0,1,1,148,100,68,6,1,17,58,54,93,196,177,90,86,50,58,6,69,38,55,39,47,29,62,29,34.7,16.4,13,5,38,8,98,53,35,10,22,11,4,36,144,33,57,54,5,6,0,12,235,113,48,19.8,92,30,33,88,54,61,10,7,70,45,22,49,27,12,44.0,4.3,1.74,28:15,15.8,16.1,,,,
107,Penn State Nittany Lion,Pittsburgh Panthers,31-08-2024,NCAA D1 Non-conference matches Regular season,1,34,5,3,96,0,1,1,46,48,3,1,33,6,6,2,2,100,00:12,3,4,3,74,13,10,39,2,1,20,11,4,28,5,18,19,3,16,0,292,209,72,4,1,25,127,65,51,3,0,0,52,49,94,85,73,86,60,29,48,7,53,13,25,38,50,18,36,14,37.2,16.6,13,2,15,4,72,40,21,11,25,5,2,40,105,17,39,49,0,4,1,2,179,83,46,22.2,34,16,47,73,36,49,24,14,58,48,17,35,8,4,50.0,3.7,0.64,19:56,17.8,15.4,,,,
108,Michigan Wolverines,Oregon State Beavers,31-08-2024,NCAA D1 Non-conference matches Regular season,1,35,7,3,85,1,1,2,28,33,5,3,60,8,9,2,0,0,00:14,2,0,0,65,8,8,37,3,0,9,17,2,24,7,29,19,6,32,0,312,251,80,0,2,0,118,77,65,2,1,50,55,51,93,116,106,91,64,39,61,1,38,13,34,49,40,25,63,16,31.5,17.3,16,10,63,3,69,42,20,7,15,15,10,67,97,31,30,36,3,11,1,2,178,88,49,21.5,43,15,35,80,55,69,24,3,13,31,15,48,13,6,46.0,4.2,0.45,20:00,18.3,15.6,,,,
109,Indiana Hoosiers,Washington Huskies,04-10-2024,NCAA D1 Big Ten Round 6,2,55,21,5,121,0,4,12,69,57,8,3,38,21,17,13,2,15,00:14,5,4,2,91,6,15,43,1,0,23,22,3,51,20,39,34,16,47,5,404,319,79,4,2,50,166,116,70,5,1,20,56,53,95,133,110,83,89,68,76,1,72,40,56,29,70,42,60,19,31.1,12.4,16,6,38,7,107,36,50,21,41,13,5,38,143,17,52,74,3,9,1,5,273,134,49,21.8,123,56,46,62,40,65,37,14,38,51,24,47,41,24,59.0,5.4,1.28,29:30,21.9,13.9,,,,
110,Indiana Hoosiers,Maryland College Park Terrapins,21-09-2024,NCAA D1 Big Ten Round 3,0,60,18,5,120,0,8,5,68,57,11,4,36,19,16,7,1,14,00:16,9,1,1,88,11,13,43,1,0,27,12,6,55,18,33,38,13,34,0,460,379,82,1,0,0,149,116,78,9,1,11,69,62,90,194,167,86,89,73,82,2,62,38,61,31,68,50,74,4,31.5,8.7,23,11,48,10,94,39,39,16,29,19,8,42,123,13,39,71,4,13,2,6,222,117,53,24.5,83,38,46,78,51,65,12,5,42,49,23,47,27,19,70.0,5.6,1.22,33:28,20.2,13.9,,,,
111,Northwestern Wildcats,Trine Thunder,06-10-2024,NCAA D1 Non-conference matches Regular season,4,67,20,8,131,0,4,8,98,75,15,5,33,25,19,5,3,60,00:15,6,1,5,106,11,11,50,1,0,29,23,4,64,19,30,49,13,27,1,536,439,82,1,0,0,184,142,77,6,1,17,77,73,95,182,148,81,88,76,86,1,36,17,47,40,79,51,65,9,27.7,4.6,24,9,38,13,85,32,36,17,35,21,6,29,117,11,34,72,6,11,4,13,241,116,48,19.8,144,54,38,45,33,73,9,5,56,43,24,56,41,29,71.0,5.9,4.17,34:07,15.2,15.8,,,,
112,Washington Huskies,Wisconsin Badgers,28-09-2024,NCAA D1 Big Ten Round 4,0,51,11,3,129,0,3,5,70,54,7,2,29,14,11,4,1,25,00:10,7,2,5,108,14,9,66,2,0,26,15,1,56,11,20,44,6,14,1,344,246,72,2,0,0,169,103,61,7,4,57,39,36,92,81,67,83,93,58,62,10,62,32,52,42,61,37,61,20,29.8,5.5,21,10,48,7,109,41,54,14,31,14,4,29,142,18,62,62,5,6,3,7,348,141,41,20.7,107,27,25,110,63,57,53,19,36,78,32,41,45,14,31.0,9.8,1.07,23:07,18.3,15.0,,,,
113,Michigan Wolverines,Penn State Nittany Lion,14-09-2024,NCAA D1 Big Ten Round 1,2,44,14,6,121,1,2,5,52,43,8,4,50,14,12,6,2,33,00:12,1,2,1,89,18,12,56,4,0,19,11,3,38,12,32,24,8,33,2,370,300,81,2,1,50,124,85,69,1,0,0,50,48,96,130,113,87,71,47,66,3,47,26,55,46,35,26,74,21,29.0,14.8,18,9,50,7,85,38,38,9,17,13,5,38,133,26,67,40,3,9,1,5,246,116,47,19.6,86,37,43,89,50,56,33,11,33,38,18,47,27,17,63.0,5.5,1.86,25:02,19.4,14.8,,,,
114,Rutgers Scarlet Knights,UCLA Bruins,19-10-2024,NCAA D1 Big Ten Round 8,0,54,17,8,106,0,3,6,67,63,9,4,44,23,22,8,4,50,00:19,1,7,0,83,10,19,36,1,0,18,17,12,52,17,33,38,10,26,1,531,454,85,7,4,57,176,130,74,1,0,0,89,84,94,185,170,92,101,81,80,1,49,28,57,44,81,60,74,3,28.4,11.8,27,14,52,13,92,32,46,14,35,27,12,44,122,17,40,65,8,16,3,4,213,105,49,20.9,104,48,46,60,33,55,11,4,36,38,20,53,23,17,74.0,4.0,1.63,34:57,18.2,15.6,,,,
115,Indiana Hoosiers,Yale Bulldogs,02-09-2024,NCAA D1 Non-conference matches Regular season,2,65,15,4,127,0,5,6,67,53,10,3,30,20,16,5,1,20,00:14,7,5,2,92,13,21,42,0,0,28,16,6,56,14,25,35,8,23,2,423,338,80,5,1,20,153,98,64,7,0,0,68,63,93,167,152,91,78,60,77,5,68,32,47,46,68,40,59,14,34.5,4.8,19,14,74,7,80,26,37,17,37,17,9,53,134,14,49,71,5,10,2,8,217,107,49,23.8,84,44,52,65,39,60,24,11,46,44,13,30,39,25,64.0,8.8,2.23,30:50,17.9,14.1,,,,
116,Washington Huskies,Rutgers Scarlet Knights,26-10-2024,NCAA D1 Big Ten Round 9,2,45,23,7,139,0,8,8,78,56,13,6,46,22,16,10,1,10,00:10,9,1,1,121,16,6,79,0,0,27,12,3,62,23,37,49,16,33,3,385,285,74,1,0,0,170,112,66,9,4,44,52,49,94,97,77,79,89,60,67,1,41,17,41,37,53,37,70,11,28.3,8.9,23,12,52,12,112,45,43,24,40,19,8,42,138,25,51,62,5,11,3,14,263,132,50,18.9,108,40,37,80,59,74,41,15,37,34,18,53,34,22,65.0,5.5,2.86,23:41,18.7,16.7,,,,
117,Washington Huskies,Penn State Nittany Lion,19-10-2024,NCAA D1 Big Ten Round 8,3,41,12,6,135,0,2,4,72,53,7,4,57,15,11,5,2,40,00:09,9,2,2,111,9,8,70,1,0,26,13,2,48,11,23,40,9,23,1,382,274,72,2,0,0,175,111,63,9,1,11,56,51,91,84,66,79,79,58,73,2,58,23,40,47,75,43,57,9,30.5,8.9,27,14,52,8,113,39,49,25,46,14,5,36,147,19,41,87,2,8,4,13,224,117,52,19.7,71,26,37,86,57,66,21,13,62,46,21,46,14,9,64.0,4.9,2.87,22:15,17.6,17.4,,,,
118,Washington Huskies,Maryland College Park Terrapins,12-10-2024,NCAA D1 Big Ten Round 7,2,46,20,6,122,0,4,10,77,63,11,3,27,19,16,9,3,33,00:12,7,6,3,98,15,7,55,2,0,23,20,0,58,19,33,46,15,33,1,414,322,78,6,2,33,173,120,69,7,1,14,51,50,98,134,109,81,99,76,77,6,51,27,53,22,79,54,68,8,29.9,8.5,30,16,53,13,87,32,37,18,36,26,6,23,127,9,41,77,8,14,4,12,280,134,48,21.1,83,24,29,104,69,66,47,19,40,46,22,48,29,17,59.0,6.2,1.28,24:30,20.1,17.3,,,,
119,Rutgers Scarlet Knights,UCLA Bruins,19-10-2024,NCAA D1 Big Ten Round 8,0,54,17,8,106,0,3,6,67,63,9,4,44,23,22,8,4,50,00:19,1,7,0,83,10,19,36,1,0,18,17,12,52,17,33,38,10,26,1,531,454,85,7,4,57,176,130,74,1,0,0,89,84,94,185,170,92,101,81,80,1,49,28,57,44,81,60,74,3,28.4,11.8,27,14,52,13,92,32,46,14,35,27,12,44,122,17,40,65,8,16,3,4,213,105,49,20.9,104,48,46,60,33,55,11,4,36,38,20,53,23,17,74.0,4.0,1.63,34:57,18.2,15.6,,,,
120,Maryland College Park Terrapins,Detroit Mercy Titans,31-08-2024,NCAA D1 Non-conference matches Regular season,5,62,15,10,119,0,2,3,72,61,10,8,80,14,12,5,2,40,00:17,11,2,9,98,15,2,41,1,0,24,22,11,51,14,27,41,10,24,0,586,488,83,2,2,100,168,106,63,11,2,18,92,86,93,264,243,92,77,52,68,2,65,29,45,31,78,43,55,9,33.8,7.7,28,8,29,8,77,28,33,16,35,21,6,29,116,12,34,70,6,13,2,7,185,85,46,22.2,59,17,29,60,36,60,21,9,43,45,23,51,13,5,38.0,5.7,1.11,34:04,20.9,17.2,,,,
121,Michigan Wolverines,Maryland College Park Terrapins,26-10-2024,NCAA D1 Big Ten Round 9,2,33,7,2,126,0,3,2,45,36,5,2,40,8,6,2,0,0,00:08,5,4,2,95,21,14,72,3,0,15,7,1,35,6,17,21,4,19,0,260,178,68,4,0,0,125,67,54,5,2,40,47,43,91,74,59,80,77,43,56,10,59,25,42,61,46,27,59,26,35.0,9.8,16,8,50,4,93,52,30,11,26,11,5,45,129,27,46,56,3,7,1,3,286,130,45,25.9,91,21,23,120,76,63,30,14,47,45,19,42,18,7,39.0,6.1,1.17,17:42,18.3,15.3,,,,
122,Indiana Hoosiers,Michigan State Spartans,19-10-2024,NCAA D1 Big Ten Round 8,3,55,9,5,114,0,1,3,64,56,6,4,67,12,11,3,1,33,00:17,3,3,4,92,11,13,43,2,0,13,28,8,47,8,17,33,5,15,3,503,425,84,3,0,0,169,120,71,3,1,33,81,76,94,196,181,92,93,71,76,2,52,29,56,44,75,48,64,14,30.9,11.2,18,10,56,5,99,43,40,16,32,19,5,26,127,20,45,62,7,10,2,7,231,106,46,21.3,102,38,37,67,40,60,23,11,48,39,17,44,31,15,48.0,5.0,1.48,33:22,17.0,15.2,,,,
123,Northwestern Wildcats,UCLA Bruins,14-09-2024,NCAA D1 Big Ten Round 1,0,53,14,4,113,0,5,5,60,53,8,3,38,15,13,6,1,17,00:14,7,0,1,90,14,8,50,0,0,13,23,4,48,14,29,35,7,20,0,385,299,78,0,1,0,145,99,68,7,4,57,47,42,89,126,104,83,86,63,73,5,53,27,51,45,54,34,63,18,31.7,6.2,24,11,46,12,77,35,24,18,28,17,3,18,120,12,45,63,4,9,4,12,219,118,54,21.3,60,23,38,75,55,73,37,17,46,47,23,49,15,11,73,7.0,1.3,26:40,16.2,14.8,,,,
124,Ohio State Buckeyes,Northwestern Wildcats,26-10-2024,NCAA D1 Big Ten Round 9,2,63,16,6,124,1,5,4,73,59,7,4,57,13,10,9,2,22,00:18,7,3,2,95,13,11,41,1,0,29,18,7,45,16,36,34,10,29,1,524,433,83,3,1,33,200,142,71,7,2,29,82,79,96,177,158,89,110,77,70,2,69,37,54,41,73,47,64,18,30.1,9.1,16,6,38,7,106,54,37,15,23,11,2,18,125,19,47,59,2,6,3,6,222,108,49,21.0,92,29,32,66,48,73,26,11,42,38,20,53,29,13,45.0,6.1,1.73,38:01,20.4,13.8,,,,
125,UCLA Bruins,Ohio State Buckeyes,12-10-2024,NCAA D1 Big Ten Round 7,2,46,12,4,107,1,3,4,48,45,10,4,40,20,19,2,0,0,00:15,6,0,1,80,11,8,36,0,0,21,15,8,36,12,33,27,9,33,0,452,375,83,0,1,1,148,100,68,6,1,17,58,54,93,196,177,90,86,50,58,6,69,38,55,39,47,29,62,29,34.7,16.4,13,5,38,8,98,53,35,10,22,11,4,36,144,33,57,54,5,6,0,12,235,113,48,19.8,92,30,33,88,54,61,10,7,70,45,22,49,27,12,44.0,4.3,1.74,28:15,15.8,16.1,,,,
126,Northwestern Wildcats,UCLA Bruins,14-09-2024,NCAA D1 Big Ten Round 1,0,53,14,4,113,0,5,5,60,53,8,3,38,15,13,6,1,17,00:14,7,0,1,90,14,8,50,0,0,13,23,4,48,14,29,35,7,20,0,385,299,78,0,1,0,145,99,68,7,4,57,47,42,89,126,104,83,86,63,73,5,53,27,51,45,54,34,63,18,31.7,6.2,24,11,46,12,77,35,24,18,28,17,3,18,120,12,45,63,4,9,4,12,219,118,54,21.3,60,23,38,75,55,73,37,17,46,47,23,49,15,11,73,7.0,1.3,26:40,16.2,14.8,,,,
127,Maryland College Park Terrapins,Michigan State Spartans,06-10-2024,NCAA D1 Big Ten Round 6,2,59,13,5,124,1,5,2,72,58,8,3,38,16,13,5,2,40,00:15,5,3,4,93,13,11,41,1,0,24,24,4,46,12,26,32,8,25,0,548,456,83,3,3,100,166,113,68,5,1,20,85,78,92,232,214,92,86,60,70,3,51,23,45,37,70,42,60,7,28.2,7.9,19,9,47,9,82,27,36,19,31,17,8,47,122,19,43,60,4,10,3,2,223,95,43,19.6,95,33,35,62,36,58,26,8,31,40,18,45,29,15,52.0,5.6,1.33,32:55,17.6,17.1,,,,
128,Maryland College Park Terrapins,UCLA Bruins,22-10-2024,NCAA D1 Big Ten Round 9,1,58,12,3,108,0,4,5,64,59,7,2,29,14,13,5,1,20,00:18,6,1,0,85,5,6,41,0,0,15,21,8,44,12,27,33,5,15,0,547,466,85,1,1,100,161,117,73,6,3,50,80,72,90,238,223,94,74,57,77,0,50,29,58,44,56,36,64,10,28.7,10.5,19,9,47,7,89,40,32,17,28,17,5,29,119,24,37,58,4,11,2,6,197,95,48,19.9,84,30,36,56,39,70,26,11,42,31,15,48,23,14,61.0,5.3,1.46,34:09,16.5,16.1,,,,
129,Maryland College Park Terrapins,Virginia Cavaliers,03-09-2024,NCAA D1 Non-conference matches Regular season,1,49,14,2,126,0,7,5,70,56,7,1,14,15,12,7,1,14,00:11,5,4,2,97,19,11,57,2,0,21,16,3,52,13,25,41,9,22,2,422,331,78,4,0,0,163,104,64,5,2,40,49,46,94,149,138,93,88,61,69,5,65,33,51,35,64,44,69,20,26.9,6.8,17,9,53,9,106,42,46,18,42,16,11,69,138,18,48,72,3,12,1,7,283,123,43,20.0,111,35,32,79,53,67,32,11,34,61,24,39,40.0,17,43,5.8,1.62,25:07,19.0,16.9,,,,
130,Michigan State Spartans,Northwestern Wildcats,01-10-2024,NCAA D1 Big Ten Round 5,1,57,14,4,109,0,6,4,59,54,10,4,40,16,15,4,0,0,00:17,2,4,3,84,13,14,39,1,0,17,20,8,40,12,30,32,9,28,0,515,443,86,4,4,100,160,117,73,2,1,50,73,71,97,237,220,93,82,58,71,3,53,27,51,44,54,39,72,14,27.7,11.1,14,7,50,8,88,44,30,14,24,15,5,33,116,23,45,48,6,8,1,8,218,98,45,20.4,77,22,29,93,56,60,14,5,36,34,15,44,19,8,42.0,6.7,1.91,31:18,16.7,16.6,,,,
131,Wisconsin Badgers,Rutgers Scarlet Knights,05-10-2024,NCAA D1 Big Ten Round 6,1,43,20,6,123,0,8,6,68,55,12,5,42,24,20,8,1,13,00:10,11,4,3,83,13,18,48,2,1,21,10,4,52,19,37,34,10,29,1,319,234,73,4,0,0,120,80,67,11,7,64,48,44,92,101,78,77,70,45,64,0,53,25,47,44,51,31,61,15,28.8,13.8,22,7,32,11,81,40,26,15,27,21,3,14,112,20,32,60,3,11,7,9,202,110,54,22.0,49,27,55,80,50,63,20,11,55,53,22,42,16,12,75.0,5.1,3.15,21:38,17.7,15.2,,,,
132,Wisconsin Badgers,UCLA Bruins,17-09-2024,NCAA D1 Big Ten Round 2,4,35,23,12,125,0,3,8,58,46,16,11,69,25,20,7,1,14,00:08,5,9,1,97,7,15,72,1,0,15,9,1,54,21,39,40,17,43,0,281,205,73,9,3,33,116,71,61,5,2,40,44,43,98,80,62,78,57,39,68,5,45,18,40,49,49,26,53,23,30.4,17.1,20,10,50,10,78,35,26,17,31,19,9,47,126,16,50,60,7,12,0,5,234,108,46,19.9,90,35,39,65,38,58,27,10,37,52,25,48,41,22,54.0,4.4,3.75,17:33,17.5,16.5,,,,
133,Michigan State Spartans,Washington Huskies,14-09-2024,NCAA D1 Big Ten Round 1,1,47,8,1,104,0,3,4,43,41,5,0,0,11,11,3,1,33,00:13,2,3,2,78,16,15,47,1,0,14,13,4,35,8,23,24,6,25,0,399,319,80,3,0,0,142,95,67,2,0,0,65,62,95,131,115,88,72,54,75,4,52,30,58,42,50,32,64,10,28.3,9.1,10,4,40,5,110,44,50,16,33,12,5,42,131,21,58,52,4,5,3,1,282,141,50,19.9,92,31,34,105,74,70,35,10,29,50,26,52,19,12,63.0,7.2,1.02,23:29,17.8,17.3,,,,
134,UCLA Bruins,Indiana Hoosiers,26-10-2024,NCAA D1 Big Ten Round 9,1,56,15,5,109,0,9,1,59,54,9,3,33,18,17,6,2,33,00:18,6,0,1,94,16,3,45,1,0,13,26,10,39,15,38,32,11,34,0,598,520,87,0,2,0,175,135,77,6,2,33,85,80,94,249,230,92,99,71,72,2,44,28,64,30,54,39,72,5,31.6,10.4,22,13,59,9,89,41,31,17,26,16,8,50,122,26,51,45,7,7,2,11,253,115,45,18.8,90,22,24,95,62,65,31,12,39,37,19,51,19,14,74.0,6.1,1.23,33:37,18.5,18.1,,,,
135,Michigan State Spartans,Rutgers Scarlet Knights,03-11-2024,NCAA D1 Big Ten Round 11,0,51,21,4,106,0,5,12,64,60,12,4,33,19,18,9,0,0,00:18,4,1,3,84,11,6,33,1,0,21,23,7,48,20,42,36,14,39,1,516,441,85,1,0,0,178,138,78,4,3,75,70,64,91,222,206,93,102,83,81,5,49,35,71,38,69,56,81,21,27.5,12.6,17,11,65,14,79,38,27,14,26,12,6,50,98,15,32,51,2,9,1,11,223,114,51,20.3,61,26,43,101,67,66,23,6,26,38,15,39,24,14,58.0,5.2,2.53,33:00,16.9,15.6,,,,
136,Michigan State Spartans,Wisconsin Badgers,12-10-2024,NCAA D1 Big Ten Round 7,2,42,7,3,108,0,1,3,42,39,4,1,25,7,6,3,2,67,00:13,2,3,4,88,12,10,50,2,0,15,17,6,29,7,24,22,4,18,0,383,323,84,3,0,0,119,81,68,2,1,50,58,56,97,162,150,93,64,42,66,8,37,21,57,58,39,23,59,26,33.8,12.8,11,6,55,5,91,47,36,8,17,12,4,33,122,32,57,33,4,7,1,3,247,105,43,20.6,83,26,31,111,62,56,5,2,40,48,15,31,6,4,67.0,5.4,1.03,24:56,17.2,16.0,,,,
137,Penn State Nittany Lion,St. Bonaventure Bonnies,02-09-2024,NCAA D1 Non-conference matches Regular season,4,53,16,9,110,1,3,3,66,60,8,6,75,14,13,8,3,38,00:16,4,3,1,81,13,15,36,1,0,22,18,5,52,15,29,39,12,31,0,460,388,84,3,1,33,169,124,73,4,1,25,86,82,95,145,133,92,86,67,78,1,58,27,47,45,69,48,70,18,27.1,9.7,18,10,56,9,72,35,20,17,27,14,6,43,106,17,36,53,3,8,3,8,259,130,50,19.9,81,33,41,102,67,66,28,12,43,48,18,38,24,15,63.0,6.8,1.07,30:01,21.4,15.3,,,,
138,UCLA Bruins,Indiana Hoosiers,26-10-2024,NCAA D1 Big Ten Round 9,1,56,15,5,109,0,9,1,59,54,9,3,33,18,17,6,2,33,00:18,6,0,1,94,16,3,45,1,0,13,26,10,39,15,38,32,11,34,0,598,520,87,0,2,0,175,135,77,6,2,33,85,80,94,249,230,92,99,71,72,2,44,28,64,30,54,39,72,5,31.6,10.4,22,13,59,9,89,41,31,17,26,16,8,50,122,26,51,45,7,7,2,11,253,115,45,18.8,90,22,24,95,62,65,31,12,39,37,19,51,19,14,74.0,6.1,1.23,33:37,18.5,18.1,,,,
139,Indiana Hoosiers,Michigan State Spartans,19-10-2024,NCAA D1 Big Ten Round 8,3,55,9,5,114,0,1,3,64,56,6,4,67,12,11,3,1,33,00:17,3,3,4,92,11,13,43,2,0,13,28,8,47,8,17,33,5,15,3,503,425,84,3,0,0,169,120,71,3,1,33,81,76,94,196,181,92,93,71,76,2,52,29,56,44,75,48,64,14,30.9,11.2,18,10,56,5,99,43,40,16,32,19,5,26,127,20,45,62,7,10,2,7,231,106,46,21.3,102,38,37,67,40,60,23,11,48,39,17,44,31,15,48.0,5.0,1.48,33:22,17.0,15.2,,,,
140,Washington Huskies,Maryland College Park Terrapins,12-10-2024,NCAA D1 Big Ten Round 7,2,46,20,6,122,0,4,10,77,63,11,3,27,19,16,9,3,33,00:12,7,6,3,98,15,7,55,2,0,23,20,0,58,19,33,46,15,33,1,414,322,78,6,2,33,173,120,69,7,1,14,51,50,98,134,109,81,99,76,77,6,51,27,53,22,79,54,68,8,29.9,8.5,30,16,53,13,87,32,37,18,36,26,6,23,127,9,41,77,8,14,4,12,280,134,48,21.1,83,24,29,104,69,66,47,19,40,46,22,48,29,17,59.0,6.2,1.28,24:30,20.1,17.3,,,,
141,Saint Louis Billikens,Indiana Hoosiers,24-08-2024,NCAA D1 Non-conference matches Regular season,2,45,6,2,119,0,3,1,63,53,5,2,40,8,7,1,0,0,00:11,6,1,5,99,13,8,62,0,0,18,17,2,43,6,14,33,3,9,1,309,226,73,1,0,0,141,93,66,6,2,33,44,40,91,84,62,74,76,60,79,0,64,40,63,54,57,30,53,27,33.5,8.4,16,5,31,5,99,34,49,16,38,10,2,20,134,16,49,69,2,3,5,7,238,123,52,23.7,60,21,35,71,46,65,29,11,38,78,45,58,24,13,54.0,0.0,0.86,22:51,14.8,14.0,5.7,5.7,28.0,0.55
142,Northwestern Wildcats,Maryland College Park Terrapins,28-09-2024,NCAA D1 Big Ten Round 4,1,57,11,2,122,0,7,1,65,53,7,2,29,12,10,4,0,0,00:16,6,3,1,97,10,11,48,1,0,16,26,7,44,10,23,35,6,17,0,513,420,82,3,1,33,164,113,69,6,5,83,80,76,95,213,190,89,81,57,70,4,61,31,51,27,59,34,58,6,30.5,6.4,22,6,27,6,96,36,45,15,30,19,3,16,136,17,54,65,10,6,3,5,246,127,52,21.1,104,30,29,95,77,81,11,4,36,36,16,44,19,12,63,5.5,1.22,33:37,17.0,15.5,,,,
143,UCLA Bruins,(E) Michigan Wolverines,10-11-2024,NCAA D1 Big Ten Semi-Final,1,58,8,4,113,1,0,3,63,56,5,3,60,11,10,3,1,33,00:19,3,1,2,88,17,13,41,3,0,15,20,12,42,7,17,31,7,23,1,661,567,86,1,0,0,186,126,68,3,0,0,83,81,98,328,308,94,102,67,66,0,52,21,40,45,59,39,66,3,30.8,8.6,17,7,41,6,81,42,31,8,19,17,4,24,111,21,50,40,5,10,2,6,240,106,44,21.0,91,31,34,93,52,56,35,14,40,21,9,43,36,20,56.0,6.7,1.81,37:03,16.3,17.9,,,,
144,Rutgers Scarlet Knights,Delaware Blue Hens,27-08-2024,NCAA D1 Non-conference matches Regular season,1,47,17,6,125,1,5,5,73,58,11,6,55,19,15,6,0,0,00:11,8,8,4,94,13,17,50,0,0,27,17,0,53,16,30,35,11,31,1,369,295,80,8,2,25,146,107,73,8,3,38,43,40,93,132,115,87,89,65,73,5,47,29,62,47,59,43,73,13,31.5,7.7,25,14,56,11,91,33,45,13,29,21,8,38,123,21,40,62,5,12,4,5,246,107,43,22.1,96,38,40,60,28,47,38,13,34,52,28,54,37,21,57.0,5.6,1.56,24:08,18.7,15.4,,,,
145,Northwestern Wildcats,Wisconsin Badgers,16-10-2024,NCAA D1 Big Ten Round 8,0,39,6,1,114,0,3,2,50,44,3,1,33,6,5,3,0,0,00:09,7,1,1,85,12,16,56,0,0,22,6,1,38,6,16,29,4,14,2,244,156,64,1,0,0,121,63,52,7,1,14,27,21,78,67,55,82,57,36,63,2,57,24,42,25,38,19,50,9,33.1,11.6,18,7,39,4,106,36,54,16,40,14,6,43,149,23,62,64,2,10,2,3,278,128,46,22.5,74,25,34,69,40,58,45,17,38,90,46,51,24,12,50.0,4.9,0.19,18:56,20.7,13.6,,,,
146,Michigan Wolverines,Detroit Mercy Titans,07-09-2024,NCAA D1 Non-conference matches Regular season,2,62,7,2,114,0,2,3,64,56,4,2,50,8,7,3,0,0,00:17,2,2,9,92,13,10,43,4,0,21,21,7,39,6,15,32,6,19,1,521,416,80,2,1,50,163,99,61,2,0,0,97,91,94,215,189,88,76,44,58,2,65,28,43,51,60,28,47,25,38.7,6.2,22,5,23,2,95,34,42,19,42,15,2,13,140,26,44,70,3,10,2,4,204,102,50,22.0,73,28,38,63,41,65,28,14,50,40,19,48,27,13,48.0,7.2,1.07,33:28,18.2,15.8,,,,
147,Wisconsin Badgers,UIC Flames,30-08-2024,NCAA D1 Non-conference matches Regular season,5,47,13,7,123,0,1,4,63,51,8,3,38,12,10,5,4,80,00:12,3,3,1,99,12,14,62,0,0,17,16,4,44,11,25,32,8,25,0,330,253,77,3,2,67,135,86,64,3,1,33,44,40,91,105,93,89,69,49,71,3,52,31,60,47,67,38,57,10,33.4,8.6,15,4,27,6,104,35,58,11,35,10,2,20,141,20,53,68,4,4,2,4,293,139,47,21.5,104,33,32,87,64,74,35,14,40,67,28,42,35,15,43.0,6.1,2.05,25:27,17.9,13.2,,,,
148,UMBC Retrievers,Maryland College Park Terrapins,23-08-2024,NCAA D1 Non-conference matches Regular season,1,44,12,3,105,0,1,8,49,47,8,3,38,10,10,4,0,0,00:13,3,3,1,82,10,13,43,2,0,18,20,1,31,10,32,26,6,23,0,360,281,78,3,2,67,132,84,64,3,2,67,56,52,93,131,117,89,79,46,58,4,55,28,51,33,42,27,64,13,35.6,13.5,16,8,50,5,94,51,29,14,19,13,8,62,125,28,50,47,2,10,1,4,238,122,51,20.8,64,24,38,95,65,68,34,11,32,45,22,49,16,10,63.0,5.7,1.09,23:13,19.3,15.7,,,,
149,Providence Friars,Rutgers Scarlet Knights,07-09-2024,NCAA D1 Non-conference matches Regular season,1,73,23,9,114,2,5,7,78,68,12,5,42,21,18,11,4,36,00:20,9,2,3,93,20,7,40,2,0,21,24,8,65,23,35,49,15,31,2,600,516,86,2,0,0,167,125,75,9,5,56,91,90,99,283,254,90,87,68,78,1,38,19,50,41,85,69,81,20,25.8,4.6,32,12,38,15,100,42,40,18,40,28,8,29,114,17,25,72,5,19,4,7,205,101,49,20.6,85,32,38,60,32,53,17,10,59,43,27,63,33,20,61,8.5,2.24,38:02,17.7,15.8,,,,
150,Wisconsin Badgers,Marquette Golden Eagles,03-09-2024,NCAA D1 Non-conference matches Regular season,2,54,12,4,122,0,5,3,77,63,7,2,29,15,12,5,2,40,00:13,6,6,0,96,12,14,48,0,0,26,19,3,57,12,21,42,10,24,0,411,335,82,6,1,17,151,112,74,6,1,17,64,60,94,145,122,84,82,65,79,8,42,20,48,50,61,41,67,21,26.0,6.5,19,10,53,8,95,37,37,21,38,24,9,38,120,21,40,59,8,12,4,6,287,158,55,20.6,86,37,43,96,70,73,42,21,50,63,30,48,34,22,65.0,8.5,1.92,27:00,16.3,15.2,,,,
151,Indiana Hoosiers,Kentucky Wildcats,09-10-2024,NCAA D1 Non-conference matches Regular season,3,55,22,7,124,0,6,9,84,68,13,4,31,20,16,9,3,33,00:14,13,2,1,93,5,14,50,0,0,14,26,3,56,22,39,40,16,40,0,438,364,83,2,1,50,133,95,71,13,4,31,59,54,92,190,176,93,75,61,81,3,41,24,59,30,63,45,71,15,28.7,9.7,25,12,48,14,84,29,39,16,35,24,10,42,118,11,33,74,8,14,2,2,234,113,48,20.7,97,39,40,81,49,60,18,9,50,38,16,42,35,16,46.0,5.3,2.63,30:14,17.7,14.6,,,,
152,Ohio State Buckeyes,Indiana Hoosiers,28-09-2024,NCAA D1 Big Ten Round 4,2,47,20,5,127,0,11,4,69,54,11,2,18,18,14,9,3,33,00:11,8,1,2,103,21,9,59,1,0,26,17,1,48,20,42,38,14,37,1,448,324,72,1,0,0,196,122,62,8,5,63,67,62,93,120,94,78,112,68,61,12,59,24,41,51,60,36,60,10,31.3,5.3,31,12,39,14,115,45,45,25,49,26,5,19,153,29,58,66,7,15,4,11,261,123,47,20.0,100,27,27,95,62,65,28,15,54,38,19,50,32,15,47.0,6.9,1.56,24:14,20.0,18.7,,,,
153,Ohio State Buckeyes,Washington Huskies,08-10-2024,NCAA D1 Big Ten Round 6,2,54,10,5,147,0,4,1,67,46,5,3,60,12,8,5,2,40,00:10,6,5,2,115,13,18,81,2,0,23,10,1,53,10,19,32,6,19,2,475,339,71,5,1,20,199,122,61,6,0,0,70,57,81,104,87,84,112,59,53,3,64,33,52,73,58,39,67,25,24.6,4.8,18,8,44,6,132,66,48,18,40,16,6,38,191,40,91,60,4,7,5,8,327,158,48,17.9,115,28,24,86,60,70,35,17,49,91,53,58,33,8,24.0,9.4,1.02,24:30,18.9,19.8,,,,
154,Washington Huskies,Penn State Nittany Lion,19-10-2024,NCAA D1 Big Ten Round 8,3,41,12,6,135,0,2,4,72,53,7,4,57,15,11,5,2,40,00:09,9,2,2,111,9,8,70,1,0,26,13,2,48,11,23,40,9,23,1,382,274,72,2,0,0,175,111,63,9,1,11,56,51,91,84,66,79,79,58,73,2,58,23,40,47,75,43,57,9,30.5,8.9,27,14,52,8,113,39,49,25,46,14,5,36,147,19,41,87,2,8,4,13,224,117,52,19.7,71,26,37,86,57,66,21,13,62,46,21,46,14,9,64.0,4.9,2.87,22:15,17.6,17.4,,,,
155,Rutgers Scarlet Knights,Michigan Wolverines,28-09-2024,NCAA D1 Big Ten Round 4,1,48,20,5,118,1,4,10,72,61,11,3,27,20,17,9,2,22,00:14,11,3,0,80,12,20,44,2,0,20,11,5,54,20,37,33,12,36,1,454,377,83,3,1,33,166,119,72,11,4,36,69,69,100,179,163,91,100,81,81,1,54,26,48,43,77,55,71,9,29.0,11.3,21,7,33,12,86,31,42,13,34,18,3,17,113,15,28,70,5,8,5,12,160,84,53,23.0,71,41,58,47,25,53,12,3,25,30,15,50,38,26,68.0,3.4,1.41,28:11,20.1,16.2,,,,
156,Maryland College Park Terrapins,George Mason Patriots,16-10-2024,NCAA D1 Non-conference matches Regular season,2,49,18,6,117,1,5,6,69,59,10,5,50,14,12,8,1,13,00:14,9,3,4,86,12,15,55,2,0,13,14,4,47,16,34,30,9,30,0,463,375,81,3,2,67,160,108,68,9,4,44,77,73,95,141,122,87,68,41,60,4,50,18,36,37,69,46,67,19,26.0,13.0,12,5,42,8,86,31,40,15,34,12,1,8,121,16,46,59,6,4,2,5,185,101,55,19.0,73,31,42,74,52,70,12,7,58,26,11,42,29,18,62.0,4.4,2.19,27:43,18.7,17.1,,,,
157,Michigan State Spartans,Bowling Green Falcons,26-08-2024,NCAA D1 Non-conference matches Regular season,0,60,22,6,119,1,6,9,74,62,14,6,43,23,19,8,0,0,00:17,2,3,6,99,9,9,34,1,0,33,23,9,54,20,37,47,17,36,0,556,469,84,3,2,67,190,138,73,2,0,0,82,81,99,224,202,90,98,74,76,1,63,43,68,35,78,59,76,13,30.1,9.6,29,13,45,10,98,44,43,11,33,12,1,8,127,21,46,60,3,7,2,19,201,92,46,20.3,72,29,40,68,40,59,20,10,50,41,13,32,24,17,71.0,5.6,2.64,34:02,17.9,16.4,,,,
158,Indiana Hoosiers,Michigan Wolverines,07-11-2024,NCAA D1 Big Ten Quarter-Finals,0,59,12,1,132,0,3,8,78,59,7,1,14,12,9,5,0,0,00:15,3,4,5,101,6,15,41,1,0,29,28,3,46,12,26,37,9,24,1,524,446,85,4,0,0,182,127,70,3,0,0,63,62,98,222,208,94,74,60,81,2,48,24,50,27,67,43,64,13,25.5,11.1,22,10,45,8,89,32,48,9,24,14,5,36,126,13,54,59,5,6,3,5,229,100,44,20.4,104,41,39,68,35,51,23,12,52,34,12,35,42,21,50,5.2,0.55,34:02,17.8,15.4,,,,
159,Penn State Nittany Lion,UCLA Bruins,05-10-2024,NCAA D1 Big Ten Round 6,2,47,10,5,109,0,1,4,61,56,2,1,50,10,9,8,4,50,00:14,3,5,3,88,8,13,44,1,0,21,18,5,43,10,23,32,7,22,1,427,355,83,5,1,20,125,91,73,3,0,0,62,60,97,180,160,89,62,49,79,4,32,20,63,59,63,40,63,24,27.1,7.9,17,5,29,6,74,18,41,15,29,14,1,7,113,19,41,53,2,9,3,6,224,104,46,19.4,83,28,34,81,53,65,23,9,39,37,14,38,30,15,50.0,5.6,0.66,27:11,21.6,15.8,,,,
160,Rutgers Scarlet Knights,Indiana Hoosiers,14-09-2024,NCAA D1 Big Ten Round 1,0,44,7,1,111,1,1,4,53,48,4,1,25,8,7,3,0,0,00:12,3,2,1,88,13,10,50,2,0,19,17,2,36,7,19,27,6,22,0,298,228,77,2,0,0,118,78,66,3,0,0,45,44,98,86,67,78,66,51,77,4,45,18,40,38,51,34,67,26,27.3,10.3,14,4,29,4,79,29,40,10,31,15,6,40,116,19,44,53,4,9,2,4,229,106,46,20.1,65,21,32,83,43,52,26,10,38,55,32,58,20,10,50.0,5.2,0.49,22:24,18.7,13.5,,,,
161,Northwestern Wildcats,Marquette Golden Eagles,10-09-2024,NCAA D1 Non-conference matches Regular season,1,39,13,3,109,0,4,6,57,52,9,1,11,15,14,4,2,50,00:11,5,1,2,84,20,9,44,2,0,23,15,2,46,13,28,39,11,28,0,319,238,75,1,0,0,121,75,62,5,1,20,50,45,90,108,88,81,73,51,70,5,46,18,39,45,62,31,50,14,30.0,9.0,19,11,58,6,91,34,46,11,33,18,9,50,126,17,42,67,4,13,1,4,279,127,46,21.2,98,30,31,100,60,60,36,17,47,45,20,44,24,15,63.0,5.8,1.09,21:04,20.1,15.2,,,,
162,Michigan State Spartans,Villanova Wildcats,30-08-2024,NCAA D1 Non-conference matches Regular season,1,60,30,7,133,0,7,16,89,67,18,5,28,34,26,12,2,17,00:13,8,6,1,102,12,16,50,2,0,29,22,1,74,30,41,57,21,37,0,489,417,85,6,1,17,168,132,79,8,3,38,75,73,97,177,154,87,83,72,87,4,56,30,54,24,70,47,67,10,27.7,7.0,27,16,59,22,97,30,45,22,41,22,8,36,112,7,30,75,6,12,4,18,228,135,59,20.6,93,50,54,69,49,71,18,8,44,48,28,58,38,24,63.0,5.8,3.02,30:39,17.7,16.3,,,,
163,Ohio State Buckeyes,Indiana Hoosiers,28-09-2024,NCAA D1 Big Ten Round 4,2,47,20,5,127,0,11,4,69,54,11,2,18,18,14,9,3,33,00:11,8,1,2,103,21,9,59,1,0,26,17,1,48,20,42,38,14,37,1,448,324,72,1,0,0,196,122,62,8,5,63,67,62,93,120,94,78,112,68,61,12,59,24,41,51,60,36,60,10,31.3,5.3,31,12,39,14,115,45,45,25,49,26,5,19,153,29,58,66,7,15,4,11,261,123,47,20.0,100,27,27,95,62,65,28,15,54,38,19,50,32,15,47.0,6.9,1.56,24:14,20.0,18.7,,,,
164,UCLA Bruins,Denver Pioneers,10-09-2024,NCAA D1 Non-conference matches Regular season,0,54,6,3,95,0,1,2,50,53,4,2,50,10,11,2,1,50,00:20,7,2,2,76,11,5,43,2,0,12,12,9,37,6,16,27,3,11,0,531,465,88,2,0,0,157,118,75,7,1,14,96,94,98,213,198,93,83,71,86,2,52,29,56,25,70,52,74,10,28.5,11.7,18,8,44,6,70,21,38,11,33,20,8,40,85,7,38,40,6,9,5,1,218,107,49,20.4,73,19,26,88,63,72,26,11,42,31,14,45,14,7,50,5.2,0.64,32:05,17.4,16.6,,,,
165,Wisconsin Badgers,Indiana Hoosiers,02-10-2024,NCAA D1 Big Ten Round 5,2,60,13,7,140,0,0,6,86,61,11,7,64,20,14,2,0,0,00:12,12,4,3,109,15,11,53,1,0,30,24,2,59,13,22,44,5,11,0,426,322,76,4,0,0,172,115,67,12,4,33,60,55,92,127,106,83,90,71,79,3,74,39,53,23,80,47,59,17,30.2,6.0,34,20,59,9,90,26,50,14,32,20,9,45,147,15,51,81,2,14,4,9,249,122,49,21.2,81,29,36,76,54,71,26,12,46,66,27,41,27,14,52.0,6.7,1.54,28:46,15.9,15.2,,,,
166,Maryland College Park Terrapins,Michigan State Spartans,06-10-2024,NCAA D1 Big Ten Round 6,2,59,13,5,124,1,5,2,72,58,8,3,38,16,13,5,2,40,00:15,5,3,4,93,13,11,41,1,0,24,24,4,46,12,26,32,8,25,0,548,456,83,3,3,100,166,113,68,5,1,20,85,78,92,232,214,92,86,60,70,3,51,23,45,37,70,42,60,7,28.2,7.9,19,9,47,9,82,27,36,19,31,17,8,47,122,19,43,60,4,10,3,2,223,95,43,19.6,95,33,35,62,36,58,26,8,31,40,18,45,29,15,52.0,5.6,1.33,32:55,17.6,17.1,,,,
167,Rutgers Scarlet Knights,Northwestern Wildcats,12-10-2024,NCAA D1 Big Ten Round 7,1,55,17,3,120,2,9,3,65,54,7,2,29,17,14,10,1,10,00:15,6,3,0,87,9,18,42,1,0,22,19,4,48,16,33,32,12,38,0,518,436,84,3,1,33,186,145,78,6,1,17,68,65,96,183,164,90,93,66,71,6,51,31,61,48,59,47,80,17,25.8,6.6,21,8,38,9,113,48,41,24,38,32,10,31,130,24,56,50,7,18,7,11,292,125,43,20.3,133,48,36,75,47,63,27,10,37,57,20,35,32,21,66.0,6.2,1.46,31:51,20.2,16.7,,,,
168,UCLA Bruins,JMU Dukes,26-08-2024,NCAA D1 Non-conference matches Regular season,0,51,7,2,86,0,3,2,52,60,4,1,25,11,13,3,1,33,00:22,2,2,1,67,12,7,29,3,0,9,18,11,40,7,18,29,4,14,0,578,499,86,2,1,50,167,123,74,2,0,0,87,81,93,244,230,94,94,69,73,5,36,13,36,33,65,50,77,6,24.9,14.9,14,8,57,4,57,28,24,5,14,15,7,47,98,20,32,46,6,7,2,6,170,79,46,19.6,65,18,28,60,43,72,23,7,30,22,11,50,10,6,60.0,3.9,0.66,31:57,18.1,18.6,,,,
169,Maryland College Park Terrapins,UCLA Bruins,22-10-2024,NCAA D1 Big Ten Round 9,1,58,12,3,108,0,4,5,64,59,7,2,29,14,13,5,1,20,00:18,6,1,0,85,5,6,41,0,0,15,21,8,44,12,27,33,5,15,0,547,466,85,1,1,100,161,117,73,6,3,50,80,72,90,238,223,94,74,57,77,0,50,29,58,44,56,36,64,10,28.7,10.5,19,9,47,7,89,40,32,17,28,17,5,29,119,24,37,58,4,11,2,6,197,95,48,19.9,84,30,36,56,39,70,26,11,42,31,15,48,23,14,61.0,5.3,1.46,34:09,16.5,16.1,,,,
170,Penn State Nittany Lion,Michigan State Spartans,21-09-2024,NCAA D1 Big Ten Round 3,2,51,9,6,112,0,1,2,60,54,6,4,67,13,12,3,2,67,00:17,3,1,0,92,8,5,44,0,0,21,20,7,43,9,21,35,7,20,0,513,424,83,1,1,100,164,111,68,3,0,0,85,81,95,207,188,91,99,74,75,1,65,32,49,57,81,47,58,13,30.2,11.4,19,9,47,6,79,35,36,8,29,12,2,17,125,28,38,59,4,6,2,10,197,97,49,21.1,64,18,28,70,45,64,21,7,33,42,27,64,16,12,75.0,5.0,1.59,32:41,16.9,16.0,,,,
171,Northwestern Wildcats,DePaul Blue Demons,25-08-2024,NCAA D1 Non-conference matches Regular season,2,44,14,6,111,1,1,6,62,56,7,4,57,10,9,7,2,29,00:12,1,2,1,92,17,12,50,3,0,23,18,1,44,13,30,34,10,29,0,335,235,70,2,1,50,151,91,60,1,0,0,35,33,94,101,77,76,83,53,64,0,57,27,47,87,59,33,56,12,35.7,7.2,24,7,29,10,100,42,39,19,34,13,4,31,131,15,57,59,4,8,1,7,281,148,53,20.9,93,41,44,94,60,64,37,18,49,57,29,51,43,27,63.0,7.5,1.5,22:40,18.7,15.2,,,,
172,Maryland College Park Terrapins,San Diego State Aztecs,10-09-2024,NCAA D1 Non-conference matches Regular season,1,58,11,5,132,0,1,5,64,48,7,4,57,13,10,4,1,25,00:12,6,6,1,88,13,27,53,3,0,19,15,1,43,11,26,26,5,19,0,457,353,77,6,1,17,174,100,57,6,4,67,64,58,91,180,163,91,81,50,62,3,47,14,30,27,71,42,59,10,28.3,9.1,9,4,44,7,100,39,47,14,32,10,5,50,170,30,64,76,1,7,2,2,179,91,51,21.2,74,35,47,36,21,58,17,7,41,52,28,54,18,13,72,4.4,1.85,27:43,15.7,16.9,,,,
173,Oakland Golden Grizzlies,Michigan State Spartans,10-09-2024,NCAA D1 Non-conference matches Regular season,3,34,8,5,104,0,0,3,33,32,6,4,67,7,7,2,1,50,00:09,1,5,1,81,24,9,61,5,0,17,2,1,23,8,35,17,5,29,0,196,127,65,5,1,20,104,60,58,1,1,100,25,18,72,49,37,76,62,39,63,5,54,34,63,42,42,22,52,21,38.6,8.7,9,3,33,4,80,48,28,4,14,4,2,50,122,26,53,43,2,2,0,2,299,131,44,25.3,63,13,21,111,67,60,25,6,24,100,45,45,6,3.0,50,6.1,1.15,16:01,16.1,12.3,,,,
174,Indiana Hoosiers,Dayton Flyers,10-09-2024,NCAA D1 Non-conference matches Regular season,0,54,13,4,126,0,4,5,69,55,5,1,20,9,7,8,3,38,00:14,4,4,1,97,13,16,43,1,0,30,21,3,43,13,30,34,10,29,0,408,328,80,4,0,0,135,88,65,4,0,0,47,46,98,184,159,86,79,55,70,3,68,38,56,34,66,43,65,8,36.4,7.3,21,7,33,8,95,34,52,9,25,11,1,9,113,13,33,67,5,6,0,7,241,148,61,22.8,77,37,48,99,74,75,25,13,52,40,24,60,37,22,59.0,6.7,0.88,29:42,20.2,14.1,,,,
175,Maryland College Park Terrapins,Georgetown Hoyas,26-08-2024,NCAA D1 Non-conference matches Regular season,0,67,16,3,128,0,8,5,77,60,10,1,10,22,17,6,2,33,00:15,13,2,2,89,11,14,36,0,0,23,23,7,54,16,30,31,9,29,1,559,452,81,2,1,50,196,138,70,13,4,31,85,81,95,205,179,87,90,61,68,3,55,23,42,34,66,42,64,11,27.5,5.7,20,9,45,10,89,40,37,12,28,22,8,36,141,24,55,62,3,14,5,2,270,128,47,19.5,98,35,36,89,61,69,33,10,30,50,22,44,26,12,46.0,9.9,1.43,33:52,17.7,16.9,,,,
176,Yale Bulldogs,Rutgers Scarlet Knights,18-09-2024,NCAA D1 Non-conference matches Regular season,1,37,5,3,109,0,0,2,57,52,3,2,67,12,11,2,1,50,00:10,4,2,2,80,16,13,41,5,0,29,9,1,35,5,14,30,5,17,0,297,206,69,2,0,0,132,84,64,4,0,0,33,32,97,94,64,68,69,49,71,2,54,28,52,45,57,31,54,16,33.5,9.3,20,8,40,4,98,55,32,11,30,22,6,27,137,17,60,60,8,12,2,0,260,135,52,22.5,72,29,40,104,74,71,29,10,34,55,22,40,21,10,48,5.8,0.43,18:45,19.6,16.5,,,,
177,Rutgers Scarlet Knights,Northeastern Huskies,22-08-2024,NCAA D1 Non-conference matches Regular season,3,51,12,7,119,0,1,4,43,36,6,4,67,9,8,6,3,50,00:14,6,2,2,77,19,20,42,2,0,19,14,2,34,11,32,19,6,32,0,394,320,81,2,1,50,152,111,73,6,1,17,53,51,96,156,138,88,91,62,68,0,65,36,55,47,47,31,66,19,33.2,12.4,14,9,64,4,105,57,38,10,21,10,3,30,147,23,78,46,1,6,3,3,239,125,52,23.1,83,36,43,66,45,68,12,5,42,78,39,50,18,11,61.0,4.8,1.16,28:10,21.7,14.1,,,,
178,Maryland College Park Terrapins,Ohio State Buckeyes,03-11-2024,NCAA D1 Big Ten Round 11,1,61,8,2,144,0,4,2,70,49,4,1,25,10,7,4,1,25,00:13,3,2,2,109,15,18,60,2,0,35,10,4,47,7,15,33,5,15,0,461,376,82,2,1,50,184,133,72,3,0,0,56,47,84,166,152,92,98,65,66,9,56,34,61,38,63,37,59,13,29.2,7.0,15,8,53,4,97,53,35,9,21,10,4,40,132,26,45,61,1,5,4,7,292,137,47,20.8,119,35,29,96,68,71,28,8,29,49,26,53,49,22,45.0,8.6,0.62,31:29,20.9,14.9,,,,
179,Kentucky Wildcats,Wisconsin Badgers,07-09-2024,NCAA D1 Non-conference matches Regular season,0,54,7,1,112,0,0,6,60,54,4,1,25,10,9,3,0,0,00:13,3,3,1,92,16,10,52,1,0,21,14,5,45,6,13,37,5,14,0,355,287,81,3,1,33,127,90,71,3,1,33,49,45,92,128,113,88,63,52,83,6,54,34,63,61,55,35,64,10,33.1,5.4,15,7,47,5,84,41,32,11,22,11,3,27,113,12,44,57,3,6,2,4,253,110,43,21.0,107,32,30,79,52,66,14,5,36,53,21,40,35,22,63.0,0.0,1.28,25:06,14.3,14.2,7.6,6.9,30.0,1.01
180,San Diego Toreros,Washington Huskies,05-09-2024,NCAA D1 Non-conference matches Regular season,1,48,8,3,134,0,2,3,63,47,5,1,20,11,8,3,2,67,00:11,4,4,0,104,18,16,70,3,0,14,19,1,45,8,18,34,5,15,0,402,295,73,4,1,25,131,71,54,4,1,25,68,59,87,126,108,86,65,39,60,5,67,32,48,57,51,30,59,26,32.6,9.2,16,4,25,3,101,40,42,19,39,7,3,43,152,23,60,69,2,5,0,1,298,149,50,19.8,105,38,36,84,53,63,45,22,49,64,36,56,36,21,58,7.1,0.42,24:36,20.1,16.8,,,,
181,Ohio State Buckeyes,Rutgers Scarlet Knights,23-09-2024,NCAA D1 Big Ten Round 3,3,56,26,10,143,2,8,6,87,61,14,6,43,21,15,12,4,33,00:12,7,4,3,118,18,11,64,5,0,28,22,4,65,24,37,53,20,38,3,518,429,83,4,2,50,194,149,77,7,2,29,93,87,94,164,143,87,108,84,78,5,60,40,67,68,76,58,76,21,27.9,5.3,25,13,52,14,109,47,38,24,34,26,10,38,144,24,50,70,7,16,3,8,233,114,49,20.6,75,26,35,91,55,60,14,6,43,53,27,51,22,12,55.0,7.7,3.75,30:01,18.6,17.3,,,,
182,Wisconsin Badgers,Rutgers Scarlet Knights,05-10-2024,NCAA D1 Big Ten Round 6,1,43,20,6,123,0,8,6,68,55,12,5,42,24,20,8,1,13,00:10,11,4,3,83,13,18,48,2,1,21,10,4,52,19,37,34,10,29,1,319,234,73,4,0,0,120,80,67,11,7,64,48,44,92,101,78,77,70,45,64,0,53,25,47,44,51,31,61,15,28.8,13.8,22,7,32,11,81,40,26,15,27,21,3,14,112,20,32,60,3,11,7,9,202,110,54,22.0,49,27,55,80,50,63,20,11,55,53,22,42,16,12,75.0,5.1,3.15,21:38,17.7,15.2,,,,
183,Maryland College Park Terrapins,Brown Bears,07-09-2024,NCAA D1 Non-conference matches Regular season,2,53,14,5,125,0,4,5,61,49,8,3,38,13,10,6,2,33,00:13,3,3,4,97,14,19,60,0,0,9,24,4,45,12,27,34,7,21,1,455,378,83,3,2,67,141,97,69,3,2,67,75,68,91,176,159,90,67,51,76,3,48,23,48,46,54,34,63,19,32.0,7.9,12,2,17,6,92,33,47,12,30,13,3,23,113,21,41,51,7,3,3,4,242,119,49,19.8,79,38,48,90,51,57,25,13,52,48,17,35,34,20,59.0,6.8,2.15,27:56,17.4,16.9,,,,
